,accession,hgvs_nt,hgvs_pro,score,log2_ratio,single_aa,syn,possible
43,urn:mavedb:00000004-a-1#44,,p.Asp27Phe,0.810270597624,0.7432818862299999,True,False,False
98,urn:mavedb:00000004-a-1#99,,p.Glu81Ser,0.797670560844,0.737499533636,True,False,False
157,urn:mavedb:00000004-a-1#158,,p.Leu63Ala,0.797670560844,0.731693911955,True,False,False
250,urn:mavedb:00000004-a-1#251,,p.Ala19Met,0.789208982096,0.723916561363,True,False,False
559,urn:mavedb:00000004-a-1#560,,p.Met53Ala,0.7296521374160001,0.6843881971760001,True,False,False
1094,urn:mavedb:00000004-a-1#1095,,p.Arg20His,0.712973396269,0.654014548133,True,False,False
2050,urn:mavedb:00000004-a-1#2051,,p.Lys5Val,0.649278720952,0.57747299326,True,False,False
2531,urn:mavedb:00000004-a-1#2532,,p.Glu2Asn,0.5721108604290001,0.542369192304,True,False,False
2752,urn:mavedb:00000004-a-1#2753,,p.Arg20Ser,0.5779399392310001,0.523923524983,True,False,False
3304,urn:mavedb:00000004-a-1#3305,,p.Ala21Asp,0.549743047401,0.491743119234,True,False,False
3320,urn:mavedb:00000004-a-1#3321,,p.Ala19Arg,0.549743047401,0.491743119234,True,False,False
3404,urn:mavedb:00000004-a-1#3405,,p.Arg95Ala,0.5360681105039999,0.487849203129,True,False,False
3413,urn:mavedb:00000004-a-1#3414,,p.Leu36Ile,3.4686062846800008,3.3010595576200004,True,False,False
3456,urn:mavedb:00000004-a-1#3457,,p.Met94Ala,0.530634224453,0.480854803091,True,False,False
3561,urn:mavedb:00000004-a-1#3562,,p.Asp24Gln,0.499702364901,0.472884091983,True,False,False
4041,urn:mavedb:00000004-a-1#4042,,p.Glu22Leu,0.486380986403,0.43927569934,True,False,False
4172,urn:mavedb:00000004-a-1#4173,,p.Met94Gly,0.469572698717,0.429131141934,True,False,False
4217,urn:mavedb:00000004-a-1#4218,,p.Ala92His,0.456633643009,0.421353791343,True,False,False
4559,urn:mavedb:00000004-a-1#4560,,p.Ser100Val,0.438711735012,0.4052341259790001,True,False,False
4678,urn:mavedb:00000004-a-1#4679,,p.Ile23Phe,0.434091074358,0.397674794873,True,False,False
4722,urn:mavedb:00000004-a-1#4723,,p.Asp27Ser,0.434607336679,0.394881579981,True,False,False
4752,urn:mavedb:00000004-a-1#4753,,p.Ser99Ter,0.424212165317,0.392207445683,True,False,False
4789,urn:mavedb:00000004-a-1#4790,,p.Arg20Ala,0.431098550902,0.39065699412,True,False,False
5386,urn:mavedb:00000004-a-1#5387,,p.Ile23Ala,0.366435834038,0.354239595484,True,False,False
5526,urn:mavedb:00000004-a-1#5527,,p.Ile14Lys,0.374171482817,0.347353209899,True,False,False
5670,urn:mavedb:00000004-a-1#5671,,p.Glu22Asn,0.349718439093,0.336464893756,True,False,False
5856,urn:mavedb:00000004-a-1#5857,,p.Val15Ile,0.357097969458,0.323289505008,True,False,False
6173,urn:mavedb:00000004-a-1#6174,,p.Lys10Pro,0.312243733674,0.303298029821,True,False,False
6219,urn:mavedb:00000004-a-1#6220,,p.Ile23Gly,0.322332551298,0.301059557625,True,False,False
6254,urn:mavedb:00000004-a-1#6255,,p.Lys97Tyr,0.31913011925900003,0.29820556057,True,False,False
6698,urn:mavedb:00000004-a-1#6699,,p.Gln73Asn,0.331102760925,0.269350697898,True,False,False
7353,urn:mavedb:00000004-a-1#7354,,p.Lys97His,0.267599818619,0.24381560579,True,False,False
7874,urn:mavedb:00000004-a-1#7875,,p.Asp27Gln,0.22082070591,0.210934011672,True,False,False
7894,urn:mavedb:00000004-a-1#7895,,p.Gln91Thr,0.229223146906,0.207950153233,True,False,False
7935,urn:mavedb:00000004-a-1#7936,,p.Gln73Ala,3.15844279176,2.99558988547,True,False,False
8082,urn:mavedb:00000004-a-1#8083,,p.Thr39Phe,0.234241221673,0.198961370006,True,False,False
8232,urn:mavedb:00000004-a-1#8233,,p.Asp38Ile,0.205094876013,0.190279126906,True,False,False
8270,urn:mavedb:00000004-a-1#8271,,p.Gln73Met,0.193599237175,0.186888537706,True,False,False
8378,urn:mavedb:00000004-a-1#8379,,p.Glu22Tyr,0.20181974398,0.184461800311,True,False,False
8629,urn:mavedb:00000004-a-1#8630,,p.Glu81Tyr,0.1820112629,0.16981502434700002,True,False,False
8919,urn:mavedb:00000004-a-1#8920,,p.Ser26His,0.161177759483,0.158319385509,True,False,False
8998,urn:mavedb:00000004-a-1#8999,,p.Ser78Glu,0.17123142414700002,0.153873480478,True,False,False
9304,urn:mavedb:00000004-a-1#9305,,p.Val15Arg,0.119598655732,0.143819815814,True,False,False
9311,urn:mavedb:00000004-a-1#9312,,p.Glu12Tyr,0.119598655732,0.143819815814,True,False,False
9836,urn:mavedb:00000004-a-1#9837,,p.Leu6Tyr,0.125427734534,0.11323149598,True,False,False
9907,urn:mavedb:00000004-a-1#9908,,p.Glu12Ser,0.119598655732,0.110652951878,True,False,False
10083,urn:mavedb:00000004-a-1#10084,,p.Leu6Gly,0.0940635636244,0.0994256964552,True,False,False
10288,urn:mavedb:00000004-a-1#10289,,p.Asp101Gln,0.0940635636244,0.0994256964552,True,False,False
10289,urn:mavedb:00000004-a-1#10290,,p.Val11Gln,0.0940635636244,0.0994256964552,True,False,False
10606,urn:mavedb:00000004-a-1#10607,,p.Lys10Gly,0.07330500345760001,0.0767056199551,True,False,False
10695,urn:mavedb:00000004-a-1#10696,,p.Lys97Asp,0.0663185731415,0.0751781502085,True,False,False
10883,urn:mavedb:00000004-a-1#10884,,p.Thr42Phe,0.07330500345760001,0.0628998204301,True,False,False
10894,urn:mavedb:00000004-a-1#10895,,p.Leu40His,0.00917466603791,0.0628998204301,True,False,False
11002,urn:mavedb:00000004-a-1#11003,,p.Glu12Leu,0.00917466603791,0.0628998204301,True,False,False
11052,urn:mavedb:00000004-a-1#11053,,p.Gln91Asp,0.056095713425400005,0.057846592703800014,True,False,False
11121,urn:mavedb:00000004-a-1#11122,,p.Tyr25Ala,0.0415961437303,0.0536220068421,True,False,False
11165,urn:mavedb:00000004-a-1#11166,,p.Met94Gln,0.0500083835465,0.051170527848,True,False,False
11299,urn:mavedb:00000004-a-1#11300,,p.His102Cys,0.0643162202304,0.0469582765611,True,False,False
11763,urn:mavedb:00000004-a-1#11764,,p.Lys3His,-0.006338333333420001,0.0231901106281,True,False,False
11962,urn:mavedb:00000004-a-1#11963,,p.Glu9Arg,0.000954159232941,0.00631629206374,True,False,False
12422,urn:mavedb:00000004-a-1#12423,,p.Lys97Ser,-0.0116052514103,0.00307063256009,True,False,False
12528,urn:mavedb:00000004-a-1#12529,,p.Glu13Ser,-0.0287931841611,-0.007489507461289999,True,False,False
12531,urn:mavedb:00000004-a-1#12532,,p.Glu2Met,-0.0287931841611,-0.007489507461289999,True,False,False
12576,urn:mavedb:00000004-a-1#12577,,p.Arg20Glu,-0.0233592981105,-0.0101092558494,True,False,False
12684,urn:mavedb:00000004-a-1#12685,,p.Gln98Ser,-0.0214136537955,-0.0160515209647,True,False,False
12703,urn:mavedb:00000004-a-1#12704,,p.Leu6Met,-0.0214136537955,-0.0160515209647,True,False,False
12950,urn:mavedb:00000004-a-1#12951,,p.Ser26Ala,-0.0503263457108,-0.0261051856286,True,False,False
13104,urn:mavedb:00000004-a-1#13105,,p.Arg95Gln,-0.056538174644,-0.0355038836309,True,False,False
13429,urn:mavedb:00000004-a-1#13430,,p.Glu77Asn,-0.0641985202923,-0.0471229668977,True,False,False
13485,urn:mavedb:00000004-a-1#13486,,p.Ala8Leu,-0.0810231429337,-0.0525773969898,True,False,False
13718,urn:mavedb:00000004-a-1#13719,,p.Ala8Asp,-0.07770278464210001,-0.0568775344234,True,False,False
13803,urn:mavedb:00000004-a-1#13804,,p.Leu7Tyr,-0.07388107368960001,-0.0618552105778,True,False,False
13816,urn:mavedb:00000004-a-1#13817,,p.Ile23Asn,-0.07388107368960001,-0.0618552105778,True,False,False
14345,urn:mavedb:00000004-a-1#14346,,p.Lys17Leu,-0.117273669203,-0.09005210240849999,True,False,False
14888,urn:mavedb:00000004-a-1#14889,,p.Thr76Leu,-0.128328857712,-0.106158437195,True,False,False
15050,urn:mavedb:00000004-a-1#15051,,p.Ala92Tyr,-0.152576403959,-0.113977941654,True,False,False
15070,urn:mavedb:00000004-a-1#15071,,p.Ser78Ala,-0.128328857712,-0.113977941654,True,False,False
15442,urn:mavedb:00000004-a-1#15443,,p.Ser78Lys,-0.171397579604,-0.130056149668,True,False,False
15536,urn:mavedb:00000004-a-1#15537,,p.Glu22Thr,-0.163952767443,-0.134004996334,True,False,False
15582,urn:mavedb:00000004-a-1#15583,,p.Ser78Asp,-0.166803005527,-0.137274561565,True,False,False
15599,urn:mavedb:00000004-a-1#15600,,p.Val15Ser,-0.166803005527,-0.137274561565,True,False,False
16228,urn:mavedb:00000004-a-1#16229,,p.Glu96Ser,-0.210791017904,-0.163608709379,True,False,False
16231,urn:mavedb:00000004-a-1#16232,,p.Gln91Tyr,-0.210791017904,-0.163608709379,True,False,False
16306,urn:mavedb:00000004-a-1#16307,,p.Ile23Ser,-0.210791017904,-0.163608709379,True,False,False
16486,urn:mavedb:00000004-a-1#16487,,p.Leu7Ser,-0.221438262104,-0.172653848982,True,False,False
16644,urn:mavedb:00000004-a-1#16645,,p.Leu6Asp,-0.280331951157,-0.178108279074,True,False,False
16758,urn:mavedb:00000004-a-1#16759,,p.Asp101Pro,-0.280331951157,-0.178108279074,True,False,False
16819,urn:mavedb:00000004-a-1#16820,,p.Leu40Ile,-0.223486090752,-0.183700127318,True,False,False
16913,urn:mavedb:00000004-a-1#16914,,p.Glu96Thr,2.65826750418,2.51220722179,True,False,False
17078,urn:mavedb:00000004-a-1#17079,,p.Lys17Ile,-0.24080358697,-0.194596401862,True,False,False
17207,urn:mavedb:00000004-a-1#17208,,p.Leu47Ala,-0.253859739796,-0.200134585404,True,False,False
18061,urn:mavedb:00000004-a-1#18062,,p.Val15Pro,-0.28702660373100003,-0.228148961573,True,False,False
18289,urn:mavedb:00000004-a-1#18290,,p.Glu12Thr,-0.298253859154,-0.237609290822,True,False,False
18862,urn:mavedb:00000004-a-1#18863,,p.Glu9Met,-0.305206619796,-0.261164018801,True,False,False
19525,urn:mavedb:00000004-a-1#19526,,p.Lys97Pro,-0.352760424322,-0.291364256577,True,False,False
19616,urn:mavedb:00000004-a-1#19617,,p.Glu77Arg,-0.35388855812700004,-0.296752775572,True,False,False
19622,urn:mavedb:00000004-a-1#19623,,p.Thr42Leu,-0.369336957216,-0.29723327350900003,True,False,False
19678,urn:mavedb:00000004-a-1#19679,,p.Glu96Leu,-0.382512345964,-0.31561180282400003,True,False,False
19775,urn:mavedb:00000004-a-1#19776,,p.Leu80Phe,-0.405862833241,-0.31561180282400003,True,False,False
20454,urn:mavedb:00000004-a-1#20455,,p.His102Phe,-0.391363263546,-0.31561180282400003,True,False,False
20536,urn:mavedb:00000004-a-1#20537,,p.Lys10Asp,-0.369336957216,-0.31561180282400003,True,False,False
20669,urn:mavedb:00000004-a-1#20670,,p.Thr67Tyr,-0.391363263546,-0.31561180282400003,True,False,False
20733,urn:mavedb:00000004-a-1#20734,,p.Gly50Glu,-0.391363263546,-0.31561180282400003,True,False,False
21056,urn:mavedb:00000004-a-1#21057,,p.Ser26Asp,2.45663364301,2.31166150276,True,False,False
21369,urn:mavedb:00000004-a-1#21370,,p.Arg95Glu,-0.420509609205,-0.33985934907,True,False,False
21472,urn:mavedb:00000004-a-1#21473,,p.Glu9Thr,-0.427889139571,-0.345985451867,True,False,False
21976,urn:mavedb:00000004-a-1#21977,,p.Pro35Val,-0.44383068344,-0.368079222718,True,False,False
22175,urn:mavedb:00000004-a-1#22176,,p.Lys10Ala,-0.46536384499,-0.377012347488,True,False,False
22202,urn:mavedb:00000004-a-1#22203,,p.Lys5Pro,-0.46536384499,-0.377012347488,True,False,False
22277,urn:mavedb:00000004-a-1#22278,,p.Pro66Gln,-0.4502569525990001,-0.378805629311,True,False,False
22343,urn:mavedb:00000004-a-1#22344,,p.Val83Trp,-0.500297635099,-0.382725998682,True,False,False
23048,urn:mavedb:00000004-a-1#23049,,p.Glu96Asn,-0.496060642213,-0.408721207215,True,False,False
23231,urn:mavedb:00000004-a-1#23232,,p.His102Ala,-0.543366356991,-0.408721207215,True,False,False
23263,urn:mavedb:00000004-a-1#23264,,p.Ile14Pro,-0.497562667378,-0.411827118083,True,False,False
23490,urn:mavedb:00000004-a-1#23491,,p.Thr76Val,-0.514220011331,-0.42252700674,True,False,False
23720,urn:mavedb:00000004-a-1#23721,,p.Arg20Cys,-0.5256643552570001,-0.426643115212,True,False,False
23756,urn:mavedb:00000004-a-1#23757,,p.Val15Asp,-0.543366356991,-0.428086532082,True,False,False
23801,urn:mavedb:00000004-a-1#23802,,p.Met79Trp,-0.506840480966,-0.431089020244,True,False,False
23880,urn:mavedb:00000004-a-1#23881,,p.Glu12His,-0.532719112791,-0.432425467806,True,False,False
24468,urn:mavedb:00000004-a-1#24469,,p.Asn64Glu,-0.5877604763490001,-0.453115326574,True,False,False
24511,urn:mavedb:00000004-a-1#24512,,p.Ala19Asp,-0.554337474812,-0.453115326574,True,False,False
24552,urn:mavedb:00000004-a-1#24553,,p.Lys10His,-0.553214142947,-0.454588215972,True,False,False
24830,urn:mavedb:00000004-a-1#24831,,p.Pro48Gln,-0.642902030542,-0.4676148962690001,True,False,False
25046,urn:mavedb:00000004-a-1#25047,,p.Val15Gln,2.3081111183000003,2.16364125673,True,False,False
25346,urn:mavedb:00000004-a-1#25347,,p.Asp30Lys,2.29616897082,2.1507062014,True,False,False
25409,urn:mavedb:00000004-a-1#25410,,p.Ser99Leu,-0.597814141013,-0.485536804266,True,False,False
25561,urn:mavedb:00000004-a-1#25562,,p.Glu22Arg,-0.595660864433,-0.4864124917230001,True,False,False
25572,urn:mavedb:00000004-a-1#25573,,p.Gln91Asn,-0.5906720717689999,-0.488448399686,True,False,False
25912,urn:mavedb:00000004-a-1#25913,,p.Lys17Trp,-0.617590942013,-0.506434145159,True,False,False
25978,urn:mavedb:00000004-a-1#25979,,p.Met74Gln,-0.543366356991,-0.508256880766,True,False,False
26341,urn:mavedb:00000004-a-1#26342,,p.Glu77Thr,-0.624754683832,-0.5108680942230001,True,False,False
26487,urn:mavedb:00000004-a-1#26488,,p.Pro66Gly,-0.630829198241,-0.520431594712,True,False,False
26624,urn:mavedb:00000004-a-1#26625,,p.His102Ser,-0.658843574411,-0.524198424635,True,False,False
26647,urn:mavedb:00000004-a-1#26648,,p.Ser99His,-0.6808698807410001,-0.527115908017,True,False,False
26648,urn:mavedb:00000004-a-1#26649,,p.Met94Asn,-0.6808698807410001,-0.527115908017,True,False,False
27296,urn:mavedb:00000004-a-1#27297,,p.Glu81Met,-0.665356881369,-0.5477852449530001,True,False,False
27307,urn:mavedb:00000004-a-1#27308,,p.Thr76Tyr,-0.6758166530149999,-0.548588974801,True,False,False
27331,urn:mavedb:00000004-a-1#27332,,p.Glu77Met,-0.663660590709,-0.550077056461,True,False,False
27517,urn:mavedb:00000004-a-1#27518,,p.Tyr25Gln,-0.697694503382,-0.553771540018,True,False,False
27543,urn:mavedb:00000004-a-1#27544,,p.Val11Lys,-0.6835440150390001,-0.554799466703,True,False,False
27655,urn:mavedb:00000004-a-1#27656,,p.Lys97Val,-0.687756266326,-0.558182106098,True,False,False
27715,urn:mavedb:00000004-a-1#27716,,p.Phe32Ter,-0.668897239075,-0.5607243006600001,True,False,False
27772,urn:mavedb:00000004-a-1#27773,,p.Pro66Cys,-0.6758166530149999,-0.5635393162669999,True,False,False
27975,urn:mavedb:00000004-a-1#27976,,p.Gln98Tyr,-0.713291358433,-0.578646208657,True,False,False
28395,urn:mavedb:00000004-a-1#28396,,p.Arg72Phe,-0.713291358433,-0.578646208657,True,False,False
28646,urn:mavedb:00000004-a-1#28647,,p.Thr76Asp,-0.7038310291840001,-0.586259392767,True,False,False
28769,urn:mavedb:00000004-a-1#28770,,p.Phe4Asp,-0.7498172344580001,-0.593145778353,True,False,False
29055,urn:mavedb:00000004-a-1#29056,,p.Ala92Glu,-0.780405554292,-0.6051184200190001,True,False,False
29362,urn:mavedb:00000004-a-1#29363,,p.Asp101Cys,-0.7498172344580001,-0.615172084683,True,False,False
29383,urn:mavedb:00000004-a-1#29384,,p.Leu80Ala,-0.806400762825,-0.615172084683,True,False,False
29627,urn:mavedb:00000004-a-1#29628,,p.Lys17Tyr,-0.765758778327,-0.620466384352,True,False,False
29739,urn:mavedb:00000004-a-1#29740,,p.Val15Lys,-0.741305734603,-0.623734098186,True,False,False
29804,urn:mavedb:00000004-a-1#29805,,p.Arg33Asn,-0.774691903097,-0.627555809138,True,False,False
29947,urn:mavedb:00000004-a-1#29948,,p.Ser100Tyr,-0.780405554292,-0.635492069062,True,False,False
30526,urn:mavedb:00000004-a-1#30527,,p.Asn18Met,-0.785441144189,-0.650795994413,True,False,False
30564,urn:mavedb:00000004-a-1#30565,,p.His61Glu,-0.806400762825,-0.652646790101,True,False,False
30677,urn:mavedb:00000004-a-1#30678,,p.Pro82Glu,-0.791293870434,-0.6566487206589999,True,False,False
30791,urn:mavedb:00000004-a-1#30792,,p.Ala92Leu,-0.82020656235,-0.663535106244,True,False,False
30898,urn:mavedb:00000004-a-1#30899,,p.Gln73Ser,-0.765758778327,-0.663535106244,True,False,False
31405,urn:mavedb:00000004-a-1#31406,,p.Phe4Trp,-0.8388222405169999,-0.678181882208,True,False,False
32125,urn:mavedb:00000004-a-1#32126,,p.Asn18Gln,-0.870016862121,-0.702634925933,True,False,False
32353,urn:mavedb:00000004-a-1#32354,,p.Ser26Pro,-0.883216359875,-0.712947300369,True,False,False
32439,urn:mavedb:00000004-a-1#32440,,p.Asn18Gly,-0.8783506047040001,-0.717710246395,True,False,False
32686,urn:mavedb:00000004-a-1#32687,,p.Val83Lys,-0.880401344268,-0.730649302102,True,False,False
32751,urn:mavedb:00000004-a-1#32752,,p.Glu77Ile,-0.806400762825,-0.730649302102,True,False,False
32804,urn:mavedb:00000004-a-1#32805,,p.Thr67Cys,-0.865294451878,-0.730649302102,True,False,False
33569,urn:mavedb:00000004-a-1#33570,,p.Lys97Met,1.98985256864,1.85431319862,True,False,False
33849,urn:mavedb:00000004-a-1#33850,,p.Arg20Met,-0.926694996542,-0.7548968483490001,True,False,False
34175,urn:mavedb:00000004-a-1#34176,,p.Ala92Asn,-0.952479022313,-0.7667185568100001,True,False,False
34878,urn:mavedb:00000004-a-1#34879,,p.Ile14Arg,-0.966577787715,-0.788863916048,True,False,False
35325,urn:mavedb:00000004-a-1#35326,,p.Asn18Ala,-0.972209655795,-0.801038629994,True,False,False
35393,urn:mavedb:00000004-a-1#35394,,p.Val11Trp,-0.972209655795,-0.801038629994,True,False,False
35454,urn:mavedb:00000004-a-1#35455,,p.Asp101Ile,-1.0027979756299998,-0.805417070504,True,False,False
35482,urn:mavedb:00000004-a-1#35483,,p.Arg95Asn,-1.00547210993,-0.807464899153,True,False,False
35539,urn:mavedb:00000004-a-1#35540,,p.Phe4Met,-0.995062326849,-0.8103764945730001,True,False,False
35564,urn:mavedb:00000004-a-1#35565,,p.Val11Ile,-1.0027979756299998,-0.811569297486,True,False,False
35583,urn:mavedb:00000004-a-1#35584,,p.Glu9Leu,-1.01285164029,-0.8131114622939999,True,False,False
35749,urn:mavedb:00000004-a-1#35750,,p.Ile90Ala,-1.04586669752,-0.818112143353,True,False,False
36905,urn:mavedb:00000004-a-1#36906,,p.Ser78Tyr,-1.05507987568,-0.856180184186,True,False,False
36943,urn:mavedb:00000004-a-1#36944,,p.Met53Gly,-1.06943516866,-0.856180184186,True,False,False
37316,urn:mavedb:00000004-a-1#37317,,p.Met74Gly,-1.06419852029,-0.8681528258519999,True,False,False
37499,urn:mavedb:00000004-a-1#37500,,p.Ala21Lys,-1.07488959875,-0.8736072559450001,True,False,False
37777,urn:mavedb:00000004-a-1#37778,,p.Glu13His,-1.12832885771,-0.882652395548,True,False,False
37963,urn:mavedb:00000004-a-1#37964,,p.Thr76Arg,-1.10408131147,-0.8944741040080001,True,False,False
39048,urn:mavedb:00000004-a-1#39049,,p.Trp93Gln,-1.12832885771,-0.919683126492,True,False,False
39115,urn:mavedb:00000004-a-1#39116,,p.Arg95Trp,-1.12832885771,-0.921332863712,True,False,False
39127,urn:mavedb:00000004-a-1#39128,,p.Arg95Met,-1.15689800991,-0.921947954337,True,False,False
39477,urn:mavedb:00000004-a-1#39478,,p.Glu85Ser,-1.20232943916,-0.93710017957,True,False,False
39547,urn:mavedb:00000004-a-1#39548,,p.Thr42Val,-1.12832885771,-0.93710017957,True,False,False
39715,urn:mavedb:00000004-a-1#39716,,p.Lys3Ser,-1.1678572219,-0.940102667731,True,False,False
40293,urn:mavedb:00000004-a-1#40294,,p.Val15Phe,-1.18844985015,-0.953041723439,True,False,False
40790,urn:mavedb:00000004-a-1#40791,,p.Ser26Lys,1.7785617378999998,1.66166812068,True,False,False
40905,urn:mavedb:00000004-a-1#40906,,p.Asp101Ser,-1.21579169896,-0.976809889372,True,False,False
40991,urn:mavedb:00000004-a-1#40992,,p.Ala8Ile,-1.22562605907,-0.981192763753,True,False,False
41073,urn:mavedb:00000004-a-1#41074,,p.Phe70Arg,-1.22454417297,-0.984405894348,True,False,False
41136,urn:mavedb:00000004-a-1#41137,,p.Glu13Arg,-1.24043922403,-0.990989598767,True,False,False
41139,urn:mavedb:00000004-a-1#41140,,p.Ser100His,-1.28033195116,-0.993683707936,True,False,False
41317,urn:mavedb:00000004-a-1#41318,,p.His61Lys,-1.2538597398,-0.993683707936,True,False,False
41383,urn:mavedb:00000004-a-1#41384,,p.Thr42Lys,-1.28033195116,-0.993683707936,True,False,False
41975,urn:mavedb:00000004-a-1#41976,,p.Lys3Val,-1.25957339099,-1.00628374472,True,False,False
42111,urn:mavedb:00000004-a-1#42112,,p.Ser26Val,4.4214051547,4.24381560579,True,False,False
42146,urn:mavedb:00000004-a-1#42147,,p.Leu80Ile,-1.25665295469,-1.01221965937,True,False,False
42440,urn:mavedb:00000004-a-1#42441,,p.Met74Asn,-1.27517024604,-1.0218805997700002,True,False,False
43014,urn:mavedb:00000004-a-1#43015,,p.Trp93Tyr,-1.28879352991,-1.03997736021,True,False,False
43037,urn:mavedb:00000004-a-1#43038,,p.Asp43Cys,-1.28879352991,-1.03997736021,True,False,False
43144,urn:mavedb:00000004-a-1#43145,,p.Ser49Gly,-1.2858701347,-1.0443097810100002,True,False,False
43199,urn:mavedb:00000004-a-1#43200,,p.Glu96Arg,-1.33477973518,-1.05257739699,True,False,False
43457,urn:mavedb:00000004-a-1#43458,,p.Lys17Val,1.71297339627,1.59127879278,True,False,False
44121,urn:mavedb:00000004-a-1#44122,,p.Ile14Ala,-1.35965440382,-1.07049930499,True,False,False
44401,urn:mavedb:00000004-a-1#44402,,p.Lys3Tyr,-1.36933695722,-1.07745206563,True,False,False
44780,urn:mavedb:00000004-a-1#44781,,p.Met94Phe,1.67902606435,1.55565488305,True,False,False
44834,urn:mavedb:00000004-a-1#44835,,p.Leu63Thr,-1.39136326355,-1.09321938149,True,False,False
45182,urn:mavedb:00000004-a-1#45183,,p.Ser100Leu,-1.37986762471,-1.10148699747,True,False,False
45638,urn:mavedb:00000004-a-1#45639,,p.Lys17Ser,-1.4084367769,-1.11767242521,True,False,False
45714,urn:mavedb:00000004-a-1#45715,,p.Glu77Ser,-1.35072127905,-1.12296672488,True,False,False
45819,urn:mavedb:00000004-a-1#45820,,p.Leu36Glu,-1.35072127905,-1.12296672488,True,False,False
45920,urn:mavedb:00000004-a-1#45921,,p.Asn18Pro,-1.47625216113,-1.12296672488,True,False,False
46363,urn:mavedb:00000004-a-1#46364,,p.Gln73Asp,-1.4386689783200002,-1.14052509627,True,False,False
46399,urn:mavedb:00000004-a-1#46400,,p.Asp101Lys,-1.44198933662,-1.14384545456,True,False,False
46824,urn:mavedb:00000004-a-1#46825,,p.Lys10Ser,1.6168106678999998,1.49641960644,True,False,False
47017,urn:mavedb:00000004-a-1#47018,,p.Gln98Met,-1.4908989371,-1.1636087093799998,True,False,False
47298,urn:mavedb:00000004-a-1#47299,,p.Ala16Arg,-1.48196581233,-1.16674841691,True,False,False
47342,urn:mavedb:00000004-a-1#47343,,p.Arg20Ter,-1.47625216113,-1.16877041449,True,False,False
47481,urn:mavedb:00000004-a-1#47482,,p.Lys97Leu,-1.51165749726,-1.1781082790700002,True,False,False
48439,urn:mavedb:00000004-a-1#48440,,p.Asn64Leu,-1.5242575340399998,-1.20458049043,True,False,False
48564,urn:mavedb:00000004-a-1#48565,,p.Thr39Tyr,-1.58084106241,-1.20869659891,True,False,False
48885,urn:mavedb:00000004-a-1#48886,,p.Ala92Arg,-1.55459361241,-1.21831460147,True,False,False
48898,urn:mavedb:00000004-a-1#48899,,p.Pro82His,-1.5268782341999998,-1.21939648756,True,False,False
49002,urn:mavedb:00000004-a-1#49003,,p.Lys17Ala,1.5762152587600002,1.46088215553,True,False,False
49050,urn:mavedb:00000004-a-1#49051,,p.Glu13Thr,-1.57578783468,-1.22250239843,True,False,False
49258,urn:mavedb:00000004-a-1#49259,,p.Val83Arg,-1.56273168186,-1.2315475380399998,True,False,False
49606,urn:mavedb:00000004-a-1#49607,,p.Met94Ser,-1.6089546986200003,-1.2452224749299998,True,False,False
49709,urn:mavedb:00000004-a-1#49710,,p.Pro66Phe,-1.61375568488,-1.2484976069700002,True,False,False
50225,urn:mavedb:00000004-a-1#50226,,p.Glu96His,-1.61375568488,-1.27496981833,True,False,False
50532,urn:mavedb:00000004-a-1#50533,,p.Glu9Trp,-1.6922297429100002,-1.31561180282,True,False,False
50585,urn:mavedb:00000004-a-1#50586,,p.Met79Ter,-1.80640076282,-1.31561180282,True,False,False
52351,urn:mavedb:00000004-a-1#52352,,p.Val83Gln,-1.61375568488,-1.31561180282,True,False,False
52588,urn:mavedb:00000004-a-1#52589,,p.Ser65Gly,-1.71329135843,-1.31561180282,True,False,False
53939,urn:mavedb:00000004-a-1#53940,,p.Glu81Leu,-1.74366500748,-1.3357896847600002,True,False,False
54644,urn:mavedb:00000004-a-1#54645,,p.Asp101Thr,-1.78040555429,-1.38272599868,True,False,False
55060,urn:mavedb:00000004-a-1#55061,,p.Glu13Leu,-1.83882224052,-1.39807396302,True,False,False
55258,urn:mavedb:00000004-a-1#55259,,p.Glu96Pro,-1.80640076282,-1.40872120722,True,False,False
55430,urn:mavedb:00000004-a-1#55431,,p.Gln91Ser,-1.86529445188,-1.41514747637,True,False,False
55817,urn:mavedb:00000004-a-1#55818,,p.Asn64Val,-1.84202467256,-1.425236294,True,False,False
56046,urn:mavedb:00000004-a-1#56047,,p.Lys97Gly,1.42421216532,1.31665641268,True,False,False
56973,urn:mavedb:00000004-a-1#56974,,p.Glu81Asn,-1.86529445188,-1.46761489627,True,False,False
57272,urn:mavedb:00000004-a-1#57273,,p.Arg33Cys,-1.89884701159,-1.47315307981,True,False,False
57896,urn:mavedb:00000004-a-1#57897,,p.Thr42Tyr,-1.93568377977,-1.49069850938,True,False,False
58242,urn:mavedb:00000004-a-1#58243,,p.Met79Phe,-2.12832885771,-1.5082568807700003,True,False,False
58548,urn:mavedb:00000004-a-1#58549,,p.Ala16Gln,-2.01285164029,-1.5082568807700003,True,False,False
58697,urn:mavedb:00000004-a-1#58698,,p.Leu7Asp,-2.06692831305,-1.5172456639899998,True,False,False
58740,urn:mavedb:00000004-a-1#58741,,p.His102Ter,-2.00803462399,-1.5172456639899998,True,False,False
58945,urn:mavedb:00000004-a-1#58946,,p.Lys10Leu,-2.01097190707,-1.52582951021,True,False,False
59133,urn:mavedb:00000004-a-1#59134,,p.Trp93Thr,-1.93568377977,-1.53800422416,True,False,False
59539,urn:mavedb:00000004-a-1#59540,,p.Val15Trp,-2.06121466185,-1.53800422416,True,False,False
59862,urn:mavedb:00000004-a-1#59863,,p.Asp101Ter,-2.06692831305,-1.55377154002,True,False,False
60579,urn:mavedb:00000004-a-1#60580,,p.Glu13Tyr,1.34297686121,1.23990692001,True,False,False
61035,urn:mavedb:00000004-a-1#61036,,p.Pro35Tyr,-2.09356343955,-1.58570096619,True,False,False
61374,urn:mavedb:00000004-a-1#61375,,p.Gln91Ala,-2.12832885771,-1.60511842002,True,False,False
61388,urn:mavedb:00000004-a-1#61389,,p.Glu81Trp,-2.26583238146,-1.60511842002,True,False,False
61701,urn:mavedb:00000004-a-1#61702,,p.Lys10Met,1.30463054956,1.2204410974200002,True,False,False
61708,urn:mavedb:00000004-a-1#61709,,p.Glu13Asn,-2.15480106907,-1.60511842002,True,False,False
61764,urn:mavedb:00000004-a-1#61765,,p.Tyr25Ile,-2.18277664173,-1.61106768635,True,False,False
61796,urn:mavedb:00000004-a-1#61797,,p.Glu85Thr,-2.12832885771,-1.61517208468,True,False,False
62094,urn:mavedb:00000004-a-1#62095,,p.Ala92Cys,-2.17563457249,-1.6259519234399995,True,False,False
62916,urn:mavedb:00000004-a-1#62917,,p.Glu12Trp,-2.22786453126,-1.63753989771,True,False,False
64211,urn:mavedb:00000004-a-1#64212,,p.Gln98Val,1.27766350196,1.1826390647,True,False,False
64302,urn:mavedb:00000004-a-1#64303,,p.Glu9Asn,-2.24380607513,-1.6941234260799998,True,False,False
64507,urn:mavedb:00000004-a-1#64508,,p.Glu2His,-2.24380607513,-1.6941234260799998,True,False,False
65201,urn:mavedb:00000004-a-1#65202,,p.Ser78Val,-2.32097393565,-1.7306493021,True,False,False
65323,urn:mavedb:00000004-a-1#65324,,p.Asn64Cys,-2.39136326355,-1.7306493021,True,False,False
65830,urn:mavedb:00000004-a-1#65831,,p.Lys3Ile,-2.32097393565,-1.7306493021,True,False,False
65956,urn:mavedb:00000004-a-1#65957,,p.Glu9Tyr,1.2639885650700002,1.14381981581,True,False,False
66397,urn:mavedb:00000004-a-1#66398,,p.Met74Phe,-2.37625637116,-1.7561843942099995,True,False,False
67323,urn:mavedb:00000004-a-1#67324,,p.Ser100Pro,1.2253080969,1.12917303985,True,False,False
68516,urn:mavedb:00000004-a-1#68517,,p.Leu36Ser,-2.51299270795,-1.8258065351400004,True,False,False
68630,urn:mavedb:00000004-a-1#68631,,p.Ser65Asn,-2.64290203054,-1.83018497565,True,False,False
69350,urn:mavedb:00000004-a-1#69351,,p.Thr67His,-2.5268782342,-1.85166470306,True,False,False
69621,urn:mavedb:00000004-a-1#69622,,p.Trp93Lys,-2.6213688689900003,-1.86309959813,True,False,False
69970,urn:mavedb:00000004-a-1#69971,,p.Arg33Trp,-2.61375568488,-1.8750392114400003,True,False,False
70372,urn:mavedb:00000004-a-1#70373,,p.Asn71Val,-2.71329135843,-1.90057430354,True,False,False
71933,urn:mavedb:00000004-a-1#71934,,p.Glu2Pro,-2.67264937394,-1.92133286371,True,False,False
72507,urn:mavedb:00000004-a-1#72508,,p.Glu77Leu,-2.76059707321,-1.94788001832,True,False,False
72739,urn:mavedb:00000004-a-1#72740,,p.Asp24Leu,-2.93568377977,-1.95304172344,True,False,False
72872,urn:mavedb:00000004-a-1#72873,,p.Asp24Thr,-2.82876857585,-1.95715783191,True,False,False
73012,urn:mavedb:00000004-a-1#73013,,p.Asn18Arg,1.14543195471,1.05292723436,True,False,False
73529,urn:mavedb:00000004-a-1#73530,,p.Ser26Ter,-2.79129387043,-1.97857681555,True,False,False
73672,urn:mavedb:00000004-a-1#73673,,p.Thr39Val,-2.79818025602,-1.98546320113,True,False,False
73707,urn:mavedb:00000004-a-1#73708,,p.Ile1Phe,-2.87375603063,-1.99199733131,True,False,False
73757,urn:mavedb:00000004-a-1#73758,,p.Ser78His,-3.12832885771,-1.9936837079400005,True,False,False
73823,urn:mavedb:00000004-a-1#73824,,p.Ser99Pro,1.12801089555,1.03802515179,True,False,False
74767,urn:mavedb:00000004-a-1#74768,,p.Ser100Asp,1.1139209819700002,1.02344046985,True,False,False
74943,urn:mavedb:00000004-a-1#74944,,p.Pro69Gln,-2.91260016666,-2.02188059977,True,False,False
75777,urn:mavedb:00000004-a-1#75778,,p.Ser99Val,-3.4502569526,-2.05257739699,True,False,False
76755,urn:mavedb:00000004-a-1#76756,,p.Gln73Gly,-3.04393667042,-2.07594139006,True,False,False
77224,urn:mavedb:00000004-a-1#77225,,p.Asp43Ser,-3.12832885771,-2.09321938149,True,False,False
77550,urn:mavedb:00000004-a-1#77551,,p.Thr39Met,-3.05432827627,-2.10410769763,True,False,False
77731,urn:mavedb:00000004-a-1#77732,,p.Asp43Thr,-3.1727229770700003,-2.11207840874,True,False,False
77787,urn:mavedb:00000004-a-1#77788,,p.Arg72Asp,-3.18277664173,-2.1163029946000003,True,False,False
78461,urn:mavedb:00000004-a-1#78462,,p.Thr67Leu,-3.1987181856,-2.12296672488,True,False,False
78635,urn:mavedb:00000004-a-1#78636,,p.Asp38Ser,-3.17723845819,-2.13503955718,True,False,False
78800,urn:mavedb:00000004-a-1#78801,,p.Thr76Gly,-3.12832885771,-2.14568680138,True,False,False
79023,urn:mavedb:00000004-a-1#79024,,p.Lys3Leu,-3.16395276744,-2.14960185138,True,False,False
79468,urn:mavedb:00000004-a-1#79469,,p.Ser26Leu,1.06149570117,0.969790416039,True,False,False
79701,urn:mavedb:00000004-a-1#79702,,p.Val83Ile,1.0515802323,0.965158967307,True,False,False
79827,urn:mavedb:00000004-a-1#79828,,p.Ala92Ile,-3.28360708319,-2.17543414478,True,False,False
80047,urn:mavedb:00000004-a-1#80048,,p.Glu96Met,-3.26583238146,-2.19008092074,True,False,False
80567,urn:mavedb:00000004-a-1#80568,,p.Arg72Gln,-3.39136326355,-2.2001345854,True,False,False
80646,urn:mavedb:00000004-a-1#80647,,p.Arg60Cys,-3.33778222334,-2.20313707357,True,False,False
80794,urn:mavedb:00000004-a-1#80795,,p.Met53Phe,-3.24380607513,-2.20869659891,True,False,False
80812,urn:mavedb:00000004-a-1#80813,,p.Asn64Phe,1.04159614373,0.951174737871,True,False,False
81063,urn:mavedb:00000004-a-1#81064,,p.Ser65Leu,-3.40631360501,-2.21508492687,True,False,False
81276,urn:mavedb:00000004-a-1#81277,,p.Pro29Glu,-3.4502569526,-2.22250239843,True,False,False
81773,urn:mavedb:00000004-a-1#81774,,p.Tyr25Val,-3.37625637116,-2.24161122138,True,False,False
81777,urn:mavedb:00000004-a-1#81778,,p.Asp24Lys,-3.37625637116,-2.24161122138,True,False,False
81833,urn:mavedb:00000004-a-1#81834,,p.Glu12Asn,-3.37625637116,-2.24161122138,True,False,False
82452,urn:mavedb:00000004-a-1#82453,,p.Gly50Asn,-3.4502569526,-2.27496981833,True,False,False
82724,urn:mavedb:00000004-a-1#82725,,p.Pro82Val,-3.4502569526,-2.31561180282,True,False,False
84451,urn:mavedb:00000004-a-1#84452,,p.Met79Ser,-3.7132913584300007,-2.31561180282,True,False,False
84759,urn:mavedb:00000004-a-1#84760,,p.Pro44Val,-3.7132913584300007,-2.31561180282,True,False,False
85823,urn:mavedb:00000004-a-1#85824,,p.Lys5Ala,0.959133983538,0.8938415628049999,True,False,False
85839,urn:mavedb:00000004-a-1#85840,,p.Leu36Ala,-3.67852594027,-2.35123571255,True,False,False
85863,urn:mavedb:00000004-a-1#85864,,p.Thr39Gly,-3.82876857585,-2.35308650824,True,False,False
85884,urn:mavedb:00000004-a-1#85885,,p.Arg72Tyr,-3.75281972262,-2.35514016701,True,False,False
86383,urn:mavedb:00000004-a-1#86384,,p.Asp43Gln,-3.93568377977,-2.38600113072,True,False,False
86397,urn:mavedb:00000004-a-1#86398,,p.Leu40Gly,-3.93568377977,-2.38600113072,True,False,False
86550,urn:mavedb:00000004-a-1#86551,,p.Thr67Arg,-3.96121887188,-2.39361431482,True,False,False
87345,urn:mavedb:00000004-a-1#87346,,p.Ile1Ser,0.946959269592,0.877033275119,True,False,False
88334,urn:mavedb:00000004-a-1#88335,,p.Ser26Trp,0.942060470179,0.862305989372,True,False,False
88352,urn:mavedb:00000004-a-1#88353,,p.Thr42Met,-4.58776047635,-2.45311532657,True,False,False
88896,urn:mavedb:00000004-a-1#88897,,p.Met37Gly,-4.4502569526,-2.46761489627,True,False,False
88942,urn:mavedb:00000004-a-1#88943,,p.Lys3Asp,-4.4502569526,-2.46761489627,True,False,False
89225,urn:mavedb:00000004-a-1#89226,,p.Asn71Ter,-4.29825385915,-2.48553680427,True,False,False
89345,urn:mavedb:00000004-a-1#89346,,p.Leu47His,-4.29825385915,-2.48553680427,True,False,False
89811,urn:mavedb:00000004-a-1#89812,,p.Ile1Pro,-4.29825385915,-2.48553680427,True,False,False
89932,urn:mavedb:00000004-a-1#89933,,p.Pro69Phe,-4.18722254677,-2.50003637396,True,False,False
90763,urn:mavedb:00000004-a-1#90764,,p.Asn71Phe,-3.93568377977,-2.53800422416,True,False,False
92051,urn:mavedb:00000004-a-1#92052,,p.Pro82Lys,-4.49756266738,-2.56936839507,True,False,False
92066,urn:mavedb:00000004-a-1#92067,,p.His61Ter,-4.49756266738,-2.56936839507,True,False,False
92074,urn:mavedb:00000004-a-1#92075,,p.Met37Phe,-4.49756266738,-2.56936839507,True,False,False
92284,urn:mavedb:00000004-a-1#92285,,p.Asp43Ile,-4.71329135843,-2.57864620866,True,False,False
92869,urn:mavedb:00000004-a-1#92870,,p.Asp38Ter,-5.21579169896,-2.59571972202,True,False,False
92878,urn:mavedb:00000004-a-1#92879,,p.Trp93Phe,0.895003646119,0.8190377238709999,True,False,False
93134,urn:mavedb:00000004-a-1#93135,,p.Phe32Arg,0.892732757816,0.8160938763879999,True,False,False
93209,urn:mavedb:00000004-a-1#93210,,p.Leu36Trp,-4.8832163598800005,-2.61106768635,True,False,False
94322,urn:mavedb:00000004-a-1#94323,,p.Thr39Asp,0.871671142288,0.799865414596,True,False,False
94855,urn:mavedb:00000004-a-1#94856,,p.Arg72Asn,-5.07318730352,-2.67550774791,True,False,False
95272,urn:mavedb:00000004-a-1#95273,,p.Ser78Trp,-4.82876857585,-2.69412342608,True,False,False
96741,urn:mavedb:00000004-a-1#96742,,p.Thr67Val,-5.376256371159999,-2.75618439421,True,False,False
97135,urn:mavedb:00000004-a-1#97136,,p.Ala19Ter,-6.17272297707,-2.7750434214599995,True,False,False
97200,urn:mavedb:00000004-a-1#97201,,p.Leu6Ser,0.8412974932439999,0.7718510384270001,True,False,False
98031,urn:mavedb:00000004-a-1#98032,,p.Arg33Glu,-6.68291770939,-2.8702006545,True,False,False
98166,urn:mavedb:00000004-a-1#98167,,p.Lys10Val,0.833196994473,0.75838877862,True,False,False
