,accession,hgvs_nt,hgvs_pro,score,e1_score,e2_score,e3_score,e4_score,sd,sem,lower_ci,upper_ci,stop,single_aa,syn,possible
0,urn:mavedb:00000042-a-1#1,c.[1A>C;2T>C;3G>T],p.Met1Pro,2.0781749469363,2.03757492138282,2.09517167969305,2.05647238796399,2.12348079870531,0.038561086904676,0.022263253904659,2.04038577616735,2.11596411770524,False,True,False,False
1,urn:mavedb:00000042-a-1#2,c.[1A>C;2T>C;3=],p.Met1Pro,2.04406178007498,2.00354332010521,2.08501578638292,2.00929365741017,2.07839435640163,0.04361392889836,0.025180513589885,2.00132091514244,2.08680264500752,False,True,False,False
2,urn:mavedb:00000042-a-1#3,c.[1A>C;2T>C;3G>C],p.Met1Pro,2.0568823419328304,2.01450867976928,2.18756544676671,2.02616827922609,1.9992869619692504,0.087814544306501,0.050699750794123,1.97082566985306,2.1429390140126,False,True,False,False
3,urn:mavedb:00000042-a-1#4,c.[1A>C;2T>C;3G>A],p.Met1Pro,1.79852419810094,1.72265387376661,2.1078046663914902,1.70332320373584,1.66031504850984,0.207826620479202,0.119988755278438,1.59485785251699,2.0021905436849,False,True,False,False
4,urn:mavedb:00000042-a-1#5,c.[1A>G;2T>G;3G>T],p.Met1Gly,3.5777101503236097,3.60969917635725,3.70052991968041,3.6276908626155095,3.37292064264127,0.142061967217853,0.08201951501483501,3.43849198066366,3.71692831998356,False,True,False,False
5,urn:mavedb:00000042-a-1#6,c.[1A>G;2T>G;3=],p.Met1Gly,3.53855982094886,3.64044609352363,3.47256551083788,3.6323165171392704,3.40891116229465,0.11595279826662,0.06694537929252299,3.42492816669425,3.65219147520346,False,True,False,False
6,urn:mavedb:00000042-a-1#7,c.[1A>G;2T>G;3G>C],p.Met1Gly,3.7086970892899696,3.77681034629032,3.57002413924646,3.7907611195256097,3.6971927520975,0.101219987627146,0.058439387103902986,3.60950332415758,3.80789085442237,False,True,False,False
7,urn:mavedb:00000042-a-1#8,c.[1A>G;2T>G;3G>A],p.Met1Gly,3.64603372499392,3.8399444912560297,3.22104763740738,3.851134098425181,3.67200867288711,0.294932433513264,0.170279319881634,3.3570052512145496,3.9350621987733,False,True,False,False
17,urn:mavedb:00000042-a-1#18,c.[1A>T;2T>C;3G>T],p.Met1Ser,3.50294898507267,3.67647947856512,3.2219112356444,3.69439668834344,3.4190085377377404,0.225679175351412,0.130295932639631,3.28178745719794,3.7241105129474095,False,True,False,False
18,urn:mavedb:00000042-a-1#19,c.[1A>T;2T>C;3=],p.Met1Ser,3.2821592779416204,3.16511122584714,3.48423954065664,3.1916622507538803,3.28762409450883,0.14463316266566198,0.08350399539876699,3.14042138304421,3.42389717283903,False,True,False,False
19,urn:mavedb:00000042-a-1#20,c.[1A>T;2T>C;3G>C],p.Met1Ser,3.19337212003365,3.27061925672472,3.45453460187289,3.29218857305989,2.7561460484771096,0.302822440320425,0.17483461743565698,2.8966115816643705,3.49013265840293,False,True,False,False
20,urn:mavedb:00000042-a-1#21,c.[1A>T;2T>C;3G>A],p.Met1Ser,3.4578534906243097,3.62017441704578,3.04517403738891,3.6722773079614095,3.4937882001011302,0.28514399348609304,0.164627961397001,3.1784175118039704,3.73728946944464,False,True,False,False
21,urn:mavedb:00000042-a-1#22,c.[1=;2T>G;3G>T],p.Met1Ser,3.5162885735304,3.55923303742078,3.44092767247134,3.58809466965292,3.47689891457656,0.068874651989738,0.039764798866617004,3.44879265485659,3.5837844922042104,False,True,False,False
22,urn:mavedb:00000042-a-1#23,c.[1=;2T>G;3G>C],p.Met1Ser,3.61039803453924,3.74296008379546,3.5655975489417497,3.8025915488832096,3.3304429565365203,0.212047929384037,0.122425929110977,3.40259488224473,3.8182011868337407,False,True,False,False
23,urn:mavedb:00000042-a-1#24,c.[1A>G;2T>C;3G>T],p.Met1Ala,3.1704440883948304,3.1817304471766903,3.25221797925247,3.2116817280870302,3.03614619906313,0.094075886260126,0.054314738256536,3.07825141395306,3.2626367628366,False,True,False,False
24,urn:mavedb:00000042-a-1#25,c.[1A>G;2T>C;3=],p.Met1Ala,3.2753939203627205,3.25225982638929,3.35115279876421,3.27934568845809,3.2188173678392897,0.056246827250196,0.032474120853962986,3.22027304253521,3.33051479819024,False,True,False,False
25,urn:mavedb:00000042-a-1#26,c.[1A>G;2T>C;3G>C],p.Met1Ala,2.98940847569334,2.94050989811963,3.0723793757659603,2.9622483968236804,2.98249623206409,0.057909959258,0.033434330566366,2.93265775844741,3.04615919293927,False,True,False,False
26,urn:mavedb:00000042-a-1#27,c.[1A>G;2T>C;3G>A],p.Met1Ala,3.0869535067907203,2.94489625533134,3.20704335444724,2.95538743084055,3.24048698654373,0.158623239100659,0.091581169794496,2.93150558891653,3.2424014246649104,False,True,False,False
27,urn:mavedb:00000042-a-1#28,c.[1A>T;2T>G;3G>T],p.Met1Cys,3.50686481994788,3.4967025171944304,3.507721303244009,3.52544399566787,3.4975914636852004,0.013356482417394,0.007711368719109,3.49377570769876,3.5199539321969904,False,True,False,False
28,urn:mavedb:00000042-a-1#29,c.[1A>T;2T>G;3G>C],p.Met1Cys,3.71146393625748,3.7579798876652,3.69082192957963,3.78231123226269,3.6147426955224105,0.075197881033168,0.043415516856989,3.63777136698811,3.7851565055268495,False,True,False,False
29,urn:mavedb:00000042-a-1#30,c.[1A>C;2T>A;3=],p.Met1Gln,3.4494738551092405,3.42717961397726,3.6011339417074297,3.45713343700825,3.31244842774402,0.118788961319519,0.06858283879458,3.33306281213565,3.5658848980828304,False,True,False,False
30,urn:mavedb:00000042-a-1#31,c.[1A>C;2T>A;3G>A],p.Met1Gln,3.39864229004427,3.33265820863908,3.6338699018371896,3.34483231704303,3.28320873265776,0.15906638835612602,0.091837022136431,3.24276009387983,3.5545244862087,False,True,False,False
31,urn:mavedb:00000042-a-1#32,c.[1=;2T>A;3G>T],p.Met1Asn,3.1842862742797,2.9349922502835604,3.60074612400545,2.9687407864774595,3.23266593635233,0.307888922528861,0.17775975230254198,2.88256067458199,3.4860118739774,False,True,False,False
32,urn:mavedb:00000042-a-1#33,c.[1=;2T>A;3G>C],p.Met1Asn,3.3765126857302006,3.3192872308652097,3.6269815205384894,3.31049355200548,3.2492884395116,0.169856728586557,0.098066827973118,3.2100561504494705,3.54296922101092,False,True,False,False
33,urn:mavedb:00000042-a-1#34,c.[1A>G;2T>A;3=],p.Met1Glu,3.39406145031356,3.32917492534798,3.564735318018,3.31294071102921,3.36939484685906,0.116230870694667,0.067105924483711,3.28015729008692,3.5079656105402006,False,True,False,False
34,urn:mavedb:00000042-a-1#35,c.[1A>G;2T>A;3G>A],p.Met1Glu,3.2198866085194,3.2566844027777897,3.4413576451607204,3.2514914675852697,2.93001291855383,0.212468916145472,0.12266898593101598,3.01167089677971,3.4281023202591,False,True,False,False
35,urn:mavedb:00000042-a-1#36,c.[1A>G;2T>A;3G>T],p.Met1Asp,2.85309099017573,3.0719110704846204,2.02403364439274,3.07255271091332,3.2438665349122595,0.5585956448619921,0.32250534592922403,2.30567731725052,3.4005046631009503,False,True,False,False
36,urn:mavedb:00000042-a-1#37,c.[1A>G;2T>A;3G>C],p.Met1Asp,3.2717023062455897,3.28214121210445,3.2979745282306703,3.276394369047709,3.230299115599529,0.029071406642820007,0.016784384450953004,3.2432128512456697,3.30019176124551,False,True,False,False
37,urn:mavedb:00000042-a-1#38,c.[1A>C;2T>A;3G>T],p.Met1His,3.10249393597218,3.0184050649280296,3.35207190073268,3.03382510436575,3.00567367386225,0.166782963075469,0.096292188627866,2.93904963554078,3.2659382364035694,False,True,False,False
38,urn:mavedb:00000042-a-1#39,c.[1A>C;2T>A;3G>C],p.Met1His,2.8861013082371896,2.99528243079883,3.0295495208224303,2.99819415576625,2.52137912556123,0.24364248686741105,0.140667055378929,2.6473360585552403,3.12486655791913,False,True,False,False
50,urn:mavedb:00000042-a-1#51,c.[1A>T;2T>A;3G>T],p.Met1Tyr,1.51922334475441,1.55171404707041,1.4439040394942,1.5553627771163705,1.52591251533665,0.051895558757924,0.029961914818634,1.46836663169285,1.57008005781596,False,True,False,False
51,urn:mavedb:00000042-a-1#52,c.[1A>T;2T>A;3G>C],p.Met1Tyr,1.50393504829166,1.54425887771371,1.55526464671814,1.5417530944874298,1.37446357424737,0.086513594506198,0.049948647076715,1.41915328358904,1.58871681299429,False,True,False,False
58,urn:mavedb:00000042-a-1#59,c.[1A>T;2T>G;3=],p.Met1Trp,1.07846141019331,1.0580209326466,1.15196017662859,1.06076055323243,1.04310397826563,0.049609643281374,0.028642140902902,1.02984485313463,1.127077967252,False,True,False,False
59,urn:mavedb:00000042-a-1#60,c.[1A>T;2=;3G>T],p.Met1Phe,1.09942642042015,1.0593594761877,1.19388915984197,1.06009893014238,1.08435811550857,0.06403716229309599,0.036971872888059,1.03667115453684,1.16218168630346,False,True,False,False
60,urn:mavedb:00000042-a-1#61,c.[1A>T;2=;3G>C],p.Met1Phe,1.11517119686482,1.06533909361286,1.22325936131989,1.05677512764464,1.1153112048818798,0.076542820940077,0.044192018274287,1.04016061070599,1.19018178302364,False,True,False,False
64,urn:mavedb:00000042-a-1#65,c.1_3del,p.Met1del,3.67890312097831,3.66111861986502,3.789994719880221,3.5420041313347594,3.66800514801458,0.101528160187185,0.05861731061439901,3.5685093793228297,3.76750091670632,False,True,False,False
