,accession,hgvs_nt,hgvs_pro,score,sd,se,stop,single_aa,syn,possible
11,urn:mavedb:00000001-a-2#12,c.[308_309delinsTT;366A>G;447A>G],p.Trp103Phe,0.80221606249427,0.11251953680867698,0.0459359085459279,False,True,False,False
71,urn:mavedb:00000001-a-2#72,c.[109_111delinsCGT;417A>G],p.Asn37Arg,1.0384374861856,0.130422063872968,0.0532445846149077,False,True,False,False
76,urn:mavedb:00000001-a-2#77,c.[93T>C;244_245delinsAA],p.Phe82Asn,-0.19752830985365802,0.143368185985626,0.0585298168355368,False,True,False,False
89,urn:mavedb:00000001-a-2#90,c.[255T>C;328_330delinsCTT],p.Lys110Leu,0.12700624890536802,0.128517632266464,0.0428392107554881,False,True,False,False
117,urn:mavedb:00000001-a-2#118,c.235_237delinsTAT,p.Pro79Tyr,1.5937032104544397,0.178752336257043,0.0729753356933595,False,True,False,False
135,urn:mavedb:00000001-a-2#136,c.316_318delinsTAT,p.Ala106Tyr,-0.15464462991167902,0.0507932136655937,0.0169310712218646,False,True,False,False
150,urn:mavedb:00000001-a-2#151,c.424_426delinsCAT,p.Val142His,0.975664028524711,0.16365197947058202,0.0545506598235272,False,True,False,False
171,urn:mavedb:00000001-a-2#172,c.91_92delinsTG,p.Asn31Cys,0.6811146300514079,0.0708927819751446,0.0289418570475802,False,True,False,False
195,urn:mavedb:00000001-a-2#196,c.421_423delinsTGG,p.Arg141Trp,0.15604008551110002,0.0479851030169848,0.0195898362744164,False,True,False,False
200,urn:mavedb:00000001-a-2#201,c.[345A>G;370_372delinsCGG],p.Asn124Arg,0.0391747219023164,0.20317041847314302,0.0586502478984189,False,True,False,False
233,urn:mavedb:00000001-a-2#234,c.226_228delinsGAT,p.Lys76Asp,1.9256813185964599,0.19282346362673897,0.0642744878755797,False,True,False,False
294,urn:mavedb:00000001-a-2#295,c.340_342delinsGGG,p.Leu114Gly,0.9114879362180109,0.214570183396486,0.0715233944654953,False,True,False,False
295,urn:mavedb:00000001-a-2#296,c.[204T>C;282G>A;367_369delinsGAG],p.Pro123Glu,-0.216791126120245,0.0939949128936021,0.0271339941307883,False,True,False,False
297,urn:mavedb:00000001-a-2#298,c.322_324delinsCTG,p.Thr108Leu,1.84757174982774,0.18356190314510698,0.0749388331532832,False,True,False,False
332,urn:mavedb:00000001-a-2#333,c.229_231delinsAAT,p.Phe77Asn,-0.30149641919812104,0.16107208214587698,0.0536906940486256,False,True,False,False
365,urn:mavedb:00000001-a-2#366,c.[361_363delinsCCG;408T>C],p.Asn121Pro,-0.273121546819757,0.0871988730296886,0.0355987908447458,False,True,False,False
373,urn:mavedb:00000001-a-2#374,c.328_330delinsGTG,p.Lys110Val,0.5976399308882879,0.104313574832075,0.0425858385973688,False,True,False,False
426,urn:mavedb:00000001-a-2#427,c.367_369delinsTTT,p.Pro123Phe,-0.0713260429774159,0.0728262082173212,0.0297311750056867,False,True,False,False
429,urn:mavedb:00000001-a-2#430,c.221_222delinsGT,p.Lys74Ser,1.8128842814232902,0.14272303960904598,0.0582664369301991,False,True,False,False
436,urn:mavedb:00000001-a-2#437,c.406_408delinsCAG,p.Ile136Gln,0.841314873779126,0.0763290958968225,0.031161222912530002,False,True,False,False
440,urn:mavedb:00000001-a-2#441,c.361_362delinsTT,p.Asn121Phe,-0.021211263505581,0.061662024814192,0.0251734162169342,False,True,False,False
444,urn:mavedb:00000001-a-2#445,c.448_450delinsAAG,p.Ala150Lys,1.0238801996373301,0.0950434396312201,0.038801321749251,False,True,False,False
467,urn:mavedb:00000001-a-2#468,c.361_363delinsCTG,p.Asn121Leu,0.10894743198019902,0.0544216420017298,0.0222175423114425,False,True,False,False
500,urn:mavedb:00000001-a-2#501,c.[330A>G;340_342delinsACG;450A>G],p.Leu114Thr,0.936309044198875,0.107331774429521,0.043818013423305005,False,True,False,False
505,urn:mavedb:00000001-a-2#506,c.163_165delinsCAG,p.Gly55Gln,0.7789280492727422,0.10336533097306501,0.0421987196629852,False,True,False,False
526,urn:mavedb:00000001-a-2#527,c.92_93delinsGG,p.Asn31Arg,0.39614605202748904,0.0491690474734405,0.0200731795747686,False,True,False,False
573,urn:mavedb:00000001-a-2#574,c.361_362delinsGC,p.Asn121Ala,0.239760764845847,0.454787728013829,0.15159590933794298,False,True,False,False
619,urn:mavedb:00000001-a-2#620,c.439_440delinsCT,p.Arg147Leu,1.05071727872126,0.10686670143002801,0.043628148166321,False,True,False,False
623,urn:mavedb:00000001-a-2#624,c.373_375delinsGCT,p.Ile125Ala,0.321210824247794,0.0927785532755887,0.0309261844251962,False,True,False,False
643,urn:mavedb:00000001-a-2#644,c.166_168delinsTTT,p.Gly56Phe,-0.183646978294844,0.0850647867717919,0.0347275537782571,False,True,False,False
651,urn:mavedb:00000001-a-2#652,c.226_228delinsTCT,p.Lys76Ser,1.48103102038206,0.116325043424736,0.047489500116283,False,True,False,False
734,urn:mavedb:00000001-a-2#735,c.[168C>G;367_369delinsGGT;417A>G],p.Pro123Gly,-0.20117820197834801,0.0789428217144924,0.0263142739048308,False,True,False,False
752,urn:mavedb:00000001-a-2#753,c.370_371delinsTG,p.Asn124Cys,0.7737259031453341,0.105474928904131,0.043059959411908995,False,True,False,False
758,urn:mavedb:00000001-a-2#759,c.223_225delinsACG,p.Cys75Thr,-0.115634226372438,0.0859865052327677,0.0351038437642394,False,True,False,False
768,urn:mavedb:00000001-a-2#769,c.361_362delinsCG,p.Asn121Arg,0.568903447339272,0.0665432922024155,0.0271661852834735,False,True,False,False
783,urn:mavedb:00000001-a-2#784,c.355_356delinsGG,p.Leu119Gly,-0.116480918906752,0.133986582655905,0.0546997933143683,False,True,False,False
792,urn:mavedb:00000001-a-2#793,c.[360A>T;424_426delinsTCT],p.Val142Ser,1.22261112467708,0.114596686319105,0.0467839012825982,False,True,False,False
801,urn:mavedb:00000001-a-2#802,c.427_429delinsTAT,p.Glu143Tyr,0.528061878306724,0.0642165691144858,0.0262163045604433,False,True,False,False
817,urn:mavedb:00000001-a-2#818,c.52_54delinsTAT,p.Lys18Tyr,0.0130924001563833,0.049767874253735,0.0165892914179117,False,True,False,False
819,urn:mavedb:00000001-a-2#820,c.[84A>T;460_462delinsGTT],p.Lys154Val,1.03676185012308,0.0893846984042042,0.0364911503171444,False,True,False,False
843,urn:mavedb:00000001-a-2#844,c.223_225delinsCAG,p.Cys75Gln,-0.10808802383177601,0.051955282847569,0.0212106554030865,False,True,False,False
890,urn:mavedb:00000001-a-2#891,c.352_354delinsTCG,p.Glu118Ser,0.149178091291602,0.0448655901093448,0.0183163004627924,False,True,False,False
910,urn:mavedb:00000001-a-2#911,c.451_453delinsTCG,p.Gln151Ser,0.010738058924707,0.0519500995591545,0.0212085393344523,False,True,False,False
913,urn:mavedb:00000001-a-2#914,c.199_201delinsTTG,p.Asp67Leu,0.44229979111603496,0.0699499474258123,0.028556946454625,False,True,False,False
922,urn:mavedb:00000001-a-2#923,c.394_395delinsTC,p.Glu132Ser,0.263277065041635,0.0678393909698863,0.0276953153895657,False,True,False,False
931,urn:mavedb:00000001-a-2#932,c.376_378delinsTGT,p.Gln126Cys,1.23840162391978,0.137580793820513,0.0561671238778855,False,True,False,False
943,urn:mavedb:00000001-a-2#944,c.331_332delinsTC,p.Gln111Ser,1.7559774629123899,0.16626574398347302,0.0678777057439551,False,True,False,False
989,urn:mavedb:00000001-a-2#990,c.[132C>T;313_315delinsGAG],p.Pro105Glu,0.990521630816418,0.108430730975381,0.0442666605544462,False,True,False,False
1012,urn:mavedb:00000001-a-2#1013,c.163_165delinsAAT,p.Gly55Asn,0.44657528109187894,0.15390636470602098,0.06283201028274099,False,True,False,False
1014,urn:mavedb:00000001-a-2#1015,c.79_81delinsCAT,p.Val27His,0.9983886039317571,0.10606636474717401,0.0433014120837503,False,True,False,False
1030,urn:mavedb:00000001-a-2#1031,c.[237A>C;358_360delinsTCG],p.Leu120Ser,0.00394904074663095,0.148978595811911,0.0496595319373035,False,True,False,False
1093,urn:mavedb:00000001-a-2#1094,c.391_393delinsTAT,p.Ala131Tyr,0.9761271898556221,0.149037426962818,0.0608442747727032,False,True,False,False
1127,urn:mavedb:00000001-a-2#1128,c.427_429delinsATT,p.Glu143Ile,0.332630677987854,0.0523156823056461,0.0213577878657306,False,True,False,False
1132,urn:mavedb:00000001-a-2#1133,c.340_342delinsCAT,p.Leu114His,0.823940458613917,0.10101191747761501,0.0336706391592051,False,True,False,False
1142,urn:mavedb:00000001-a-2#1143,c.223_224delinsAA,p.Cys75Asn,0.0998620296890317,0.0630804836293246,0.0257524996033054,False,True,False,False
1155,urn:mavedb:00000001-a-2#1156,c.[30C>T;226_228delinsCCG],p.Lys76Pro,-0.12657104897447802,0.0670729969259158,0.0273824363312931,False,True,False,False
1169,urn:mavedb:00000001-a-2#1170,c.364_366delinsCTT,p.Glu122Leu,0.535783441009429,0.146340959956839,0.0422449963122746,False,True,False,False
1174,urn:mavedb:00000001-a-2#1175,c.448_450delinsTGG,p.Ala150Trp,0.468194244612069,0.279476966653856,0.0931589888846188,False,True,False,False
1189,urn:mavedb:00000001-a-2#1190,c.367_369delinsAAG,p.Pro123Lys,-0.282035745960052,0.0663771193938306,0.0270983455184471,False,True,False,False
1198,urn:mavedb:00000001-a-2#1199,c.361_363delinsGAG,p.Asn121Glu,0.8247383762991741,0.0777489555692876,0.0317408781965125,False,True,False,False
1199,urn:mavedb:00000001-a-2#1200,c.274_276delinsAAT,p.Val92Asn,-0.184544473695728,0.0491190331041976,0.0200527612940266,False,True,False,False
1211,urn:mavedb:00000001-a-2#1212,c.[252G>T;359_360delinsAT],p.Leu120His,-0.161958636991839,0.0793885877884419,0.0324102552469717,False,True,False,False
1214,urn:mavedb:00000001-a-2#1215,c.202_204delinsCGG,p.Tyr68Arg,0.503765827031521,0.0775260301670408,0.0316498692821443,False,True,False,False
1228,urn:mavedb:00000001-a-2#1229,c.430_431delinsAC,p.Tyr144Thr,-0.280477626426074,0.0726121450412552,0.0296437840800065,False,True,False,False
1235,urn:mavedb:00000001-a-2#1236,c.46_48delinsATT,p.Trp16Ile,-0.0131848298458653,0.0411444232704232,0.0167971404622719,False,True,False,False
1246,urn:mavedb:00000001-a-2#1247,c.[342A>G;379_381delinsTCG],p.Asp127Ser,-0.15959702581833402,0.0476512193311764,0.0194535288304713,False,True,False,False
1251,urn:mavedb:00000001-a-2#1252,c.241_243delinsACG,p.Leu81Thr,0.0579817896120788,0.0473717151046871,0.0193394217078297,False,True,False,False
1261,urn:mavedb:00000001-a-2#1262,c.361_363delinsGCG,p.Asn121Ala,0.239760764845847,0.454787728013829,0.15159590933794298,False,True,False,False
1306,urn:mavedb:00000001-a-2#1307,c.163_165delinsTCG,p.Gly55Ser,0.527419576339257,0.0782480875082985,0.0319446479573296,False,True,False,False
1354,urn:mavedb:00000001-a-2#1355,c.424_425delinsCC,p.Val142Pro,1.19948333912169,0.14553139125450001,0.0594129416884773,False,True,False,False
1367,urn:mavedb:00000001-a-2#1368,c.349_351delinsGAT,p.Gln117Asp,0.192549349586142,0.166260488727667,0.0678755602947563,False,True,False,False
1368,urn:mavedb:00000001-a-2#1369,c.355_356delinsTG,p.Leu119Cys,0.129906549538795,0.0641012019912196,0.0261692061295942,False,True,False,False
1384,urn:mavedb:00000001-a-2#1385,c.358_360delinsGAT,p.Leu120Asp,-0.23118234686791397,0.0414328766641057,0.0169149010671212,False,True,False,False
1392,urn:mavedb:00000001-a-2#1393,c.[6G>A;376_378delinsACT],p.Gln126Thr,1.2420873483479298,0.10901006214311099,0.0445031715132845,False,True,False,False
1411,urn:mavedb:00000001-a-2#1412,c.[337_339delinsGCG;393A>G],p.Leu113Ala,0.8586191054880409,0.0852110167569697,0.0347872519197205,False,True,False,False
1467,urn:mavedb:00000001-a-2#1468,c.[331_333delinsGTT;360A>T;384A>T],p.Gln111Val,1.36638969376623,0.121463415079217,0.0495872315599928,False,True,False,False
1474,urn:mavedb:00000001-a-2#1475,c.[54A>G;328_330delinsCAT],p.Lys110His,0.519383066606108,0.0557042161317321,0.0227411510074092,False,True,False,False
1527,urn:mavedb:00000001-a-2#1528,c.[30C>T;237A>G;343_345delinsAAG;378A>G],p.Gly115Lys,-0.355625469561681,0.0639970933442859,0.026126703952461,False,True,False,False
1537,urn:mavedb:00000001-a-2#1538,c.334_336delinsCGT,p.Ile112Arg,0.46802630411840995,0.107058600282239,0.0437064905446779,False,True,False,False
1541,urn:mavedb:00000001-a-2#1542,c.[196_198delinsAGG;474A>G],p.Asp66Arg,-0.11382140117209802,0.0489886300151838,0.0199995244558655,False,True,False,False
1546,urn:mavedb:00000001-a-2#1547,c.[10_11delinsGG;273A>G],p.Ile4Gly,0.27621311095861895,0.0498407224576857,0.020347389738834,False,True,False,False
1562,urn:mavedb:00000001-a-2#1563,c.[270G>A;307_309delinsCAT],p.Trp103His,0.248558090016773,0.0647058831179756,0.0264160661658681,False,True,False,False
1568,urn:mavedb:00000001-a-2#1569,c.154_156delinsGAT,p.Pro52Asp,0.6291717450299771,0.0627264172542463,0.025607952610968997,False,True,False,False
1573,urn:mavedb:00000001-a-2#1574,c.[220_222delinsCCT;330A>G],p.Lys74Pro,-0.0124835445618434,0.22548537410086603,0.0751617913669552,False,True,False,False
1582,urn:mavedb:00000001-a-2#1583,c.373_375delinsTGG,p.Ile125Trp,0.507344242529338,0.0855260856976729,0.0349158782761408,False,True,False,False
1624,urn:mavedb:00000001-a-2#1625,c.[202_204delinsCAG;439_441delinsCGT],p.Tyr68Gln,-0.207354160225285,0.0521512088535312,0.021290641860078,False,True,False,False
1637,urn:mavedb:00000001-a-2#1638,c.145_147delinsGCG,p.Lys49Ala,1.0356069912877799,0.0805434574745657,0.0328817288220403,False,True,False,False
1638,urn:mavedb:00000001-a-2#1639,c.352_354delinsTAT,p.Glu118Tyr,0.6365792461450379,0.0694028937119343,0.0283336127111424,False,True,False,False
1642,urn:mavedb:00000001-a-2#1643,c.454_456delinsTAT,p.Ala152Tyr,-0.218161933981608,0.0548105305655727,0.0223763054028124,False,True,False,False
1646,urn:mavedb:00000001-a-2#1647,c.424_426delinsTTT,p.Val142Phe,0.6470107105659051,0.0671317709631272,0.0274064307315083,False,True,False,False
1665,urn:mavedb:00000001-a-2#1666,c.367_369delinsGAG,p.Pro123Glu,-0.216791126120245,0.0939949128936021,0.0271339941307883,False,True,False,False
1709,urn:mavedb:00000001-a-2#1710,c.319_321delinsTGT,p.Ile107Cys,1.80390786917485,0.18295588377009,0.0746914267794444,False,True,False,False
1715,urn:mavedb:00000001-a-2#1716,c.[237A>G;322_324delinsTAT],p.Thr108Tyr,1.8511589428096398,0.16230308868680499,0.0662599584933929,False,True,False,False
1721,urn:mavedb:00000001-a-2#1722,c.325_327delinsCGG,p.Ile109Arg,0.0969995777823452,0.0684803724340999,0.0228267908113666,False,True,False,False
1758,urn:mavedb:00000001-a-2#1759,c.157_158delinsAA,p.Trp53Lys,-0.11295239261574302,0.0408407880168047,0.0166731818890575,False,True,False,False
1791,urn:mavedb:00000001-a-2#1792,c.46_48delinsGAT,p.Trp16Asp,-0.131425010962497,0.0833689254661966,0.034035221299384,False,True,False,False
1799,urn:mavedb:00000001-a-2#1800,c.44_45delinsAT,p.Ala15Asp,1.56654707606656,0.170509847131004,0.069610353598487,False,True,False,False
1804,urn:mavedb:00000001-a-2#1805,c.370_372delinsGCG,p.Asn124Ala,0.112539523244063,0.0527611241978649,0.0215396387567299,False,True,False,False
1809,urn:mavedb:00000001-a-2#1810,c.[52_54delinsGTG;366A>G],p.Lys18Val,1.17956443568036,0.0818446911254731,0.0334129552355173,False,True,False,False
1818,urn:mavedb:00000001-a-2#1819,c.223_225delinsAAG,p.Cys75Lys,-0.22583098585335898,0.0721107183605814,0.0240369061201938,False,True,False,False
1878,urn:mavedb:00000001-a-2#1879,c.433_435delinsTTT,p.Glu145Phe,0.44440611735023605,0.0686057978990229,0.0280081997081854,False,True,False,False
1904,urn:mavedb:00000001-a-2#1905,c.355_356delinsGC,p.Leu119Ala,-0.12297954603974198,0.0566236907760713,0.0231165249590855,False,True,False,False
1929,urn:mavedb:00000001-a-2#1930,c.241_243delinsAAT,p.Leu81Asn,-0.28488687825249703,0.050739525799112006,0.0169131752663707,False,True,False,False
1942,urn:mavedb:00000001-a-2#1943,c.244_245delinsCA,p.Phe82His,0.388269147735933,0.0971157289668746,0.0396473303278784,False,True,False,False
1944,urn:mavedb:00000001-a-2#1945,c.[138A>G;364_366delinsCTT],p.Glu122Leu,0.535783441009429,0.146340959956839,0.0422449963122746,False,True,False,False
1952,urn:mavedb:00000001-a-2#1953,c.370_371delinsCT,p.Asn124Leu,-0.26865594058993897,0.0543140670761708,0.0181046890253903,False,True,False,False
1958,urn:mavedb:00000001-a-2#1959,c.376_378delinsGCG,p.Gln126Ala,0.668128791242994,0.0879275715195569,0.0358962807574982,False,True,False,False
2006,urn:mavedb:00000001-a-2#2007,c.352_354delinsAAT,p.Glu118Asn,0.7346097844711178,0.0827207830445804,0.0337706182637821,False,True,False,False
2010,urn:mavedb:00000001-a-2#2011,c.229_231delinsACT,p.Phe77Thr,0.40822709185125106,0.138012709032947,0.0563434525249873,False,True,False,False
2080,urn:mavedb:00000001-a-2#2081,c.[328_330delinsTAT;373_375delinsGGG],p.?,-0.0126196530721447,0.0725719178997039,0.0209497081675008,False,True,False,False
2115,urn:mavedb:00000001-a-2#2116,c.460_461delinsGC,p.Lys154Ala,0.835600936986102,0.10851567286592201,0.0443013379360486,False,True,False,False
2151,urn:mavedb:00000001-a-2#2152,c.[30C>A;199_201delinsTGG],p.Asp67Trp,0.28141592555550105,0.139054824765881,0.05676889449142299,False,True,False,False
2181,urn:mavedb:00000001-a-2#2182,c.[27C>G;195A>G;355_356delinsAG],p.?,-0.0126196530721447,0.0725719178997039,0.0209497081675008,False,True,False,False
2198,urn:mavedb:00000001-a-2#2199,c.[30C>T;220_222delinsCAT;414C>T],p.Lys74His,1.82875475838961,0.14700425523827698,0.06001423589194001,False,True,False,False
2240,urn:mavedb:00000001-a-2#2241,c.[327C>T;361_362delinsTG],p.Asn121Cys,0.530378586019935,0.0818195607226768,0.033402695791537006,False,True,False,False
2269,urn:mavedb:00000001-a-2#2270,c.[105G>A;374_375delinsGG],p.Ile125Arg,-0.125160924787352,0.0968645908892447,0.0395448036370156,False,True,False,False
2276,urn:mavedb:00000001-a-2#2277,c.46_47delinsAA,p.Trp16Lys,0.383005196417531,0.350727556777376,0.116909185592459,False,True,False,False
2287,urn:mavedb:00000001-a-2#2288,c.337_339delinsACG,p.Leu113Thr,0.826485423853734,0.161110460620164,0.0657730701240275,False,True,False,False
2316,urn:mavedb:00000001-a-2#2317,c.334_336delinsGCT,p.Ile112Ala,0.506431711471602,0.142868438186787,0.0412425656229215,False,True,False,False
2326,urn:mavedb:00000001-a-2#2327,c.214_216delinsTGT,p.Pro72Cys,0.8855002579283979,0.0992510605871863,0.0405190758114441,False,True,False,False
2339,urn:mavedb:00000001-a-2#2340,c.367_369delinsGGT,p.Pro123Gly,-0.20117820197834801,0.0789428217144924,0.0263142739048308,False,True,False,False
2366,urn:mavedb:00000001-a-2#2367,c.341_342delinsAT,p.Leu114Tyr,0.8562328251630621,0.0951054378438749,0.0388266324135791,False,True,False,False
2395,urn:mavedb:00000001-a-2#2396,c.316_318delinsATT,p.Ala106Ile,0.42128749120869396,0.0873432016082754,0.035657712740219005,False,True,False,False
2402,urn:mavedb:00000001-a-2#2403,c.316_318delinsCTT,p.Ala106Leu,0.646294935924359,0.12408710723919,0.0506583493990054,False,True,False,False
2405,urn:mavedb:00000001-a-2#2406,c.[141A>T;220_222delinsCCG],p.Lys74Pro,-0.0124835445618434,0.22548537410086603,0.0751617913669552,False,True,False,False
2421,urn:mavedb:00000001-a-2#2422,c.445_447delinsTAT,p.Arg149Tyr,0.410641106911034,0.0694172341755883,0.0283394671809136,False,True,False,False
2440,urn:mavedb:00000001-a-2#2441,c.364_366delinsTCG,p.Glu122Ser,0.39382781444991,0.642418971977857,0.21413965732595197,False,True,False,False
2455,urn:mavedb:00000001-a-2#2456,c.[228A>G;364_366delinsCGG],p.Glu122Arg,0.697016002783038,0.169137149107978,0.0563790497026594,False,True,False,False
2458,urn:mavedb:00000001-a-2#2459,c.364_366delinsAGT,p.Glu122Ser,0.39382781444991,0.642418971977857,0.21413965732595197,False,True,False,False
2482,urn:mavedb:00000001-a-2#2483,c.394_395delinsCT,p.Glu132Leu,0.301587810327461,0.0571709066575371,0.0233399249072086,False,True,False,False
2509,urn:mavedb:00000001-a-2#2510,c.199_201delinsACG,p.Asp67Thr,0.6462115966784561,0.0949525498543779,0.0387642161532345,False,True,False,False
2510,urn:mavedb:00000001-a-2#2511,c.152_153delinsGG,p.Thr51Arg,-0.288956345926224,0.0541153894002537,0.0220925152104398,False,True,False,False
2538,urn:mavedb:00000001-a-2#2539,c.337_339delinsAGT,p.Leu113Ser,0.381222562244106,0.20082820106954102,0.0669427336898471,False,True,False,False
2609,urn:mavedb:00000001-a-2#2610,c.[391_393delinsCGG;432C>T],p.Ala131Arg,0.0580433750821209,0.0551685202859036,0.0225224540941411,False,True,False,False
2653,urn:mavedb:00000001-a-2#2654,c.313_315delinsGTT,p.Pro105Val,0.378296247222596,0.04215546379784701,0.0172098960291823,False,True,False,False
2689,urn:mavedb:00000001-a-2#2690,c.[364_366delinsATT;468G>T],p.Glu122Ile,0.3573138144372,0.0509093019011782,0.0207836354698647,False,True,False,False
2695,urn:mavedb:00000001-a-2#2696,c.[165A>T;364_366delinsTGG],p.Glu122Trp,0.340684637604613,0.134716432459731,0.038889284272446,False,True,False,False
2697,urn:mavedb:00000001-a-2#2698,c.364_366delinsTGT,p.Glu122Cys,1.00068278079651,0.17543580873051098,0.0716213690003762,False,True,False,False
2705,urn:mavedb:00000001-a-2#2706,c.223_225delinsCCG,p.Cys75Pro,1.32055418221735,0.10974702757713199,0.0448040363918547,False,True,False,False
2708,urn:mavedb:00000001-a-2#2709,c.286_288delinsGGG,p.Ile96Gly,0.20749006422258898,0.063735294111535,0.0260198248632457,False,True,False,False
2710,urn:mavedb:00000001-a-2#2711,c.397_399delinsATG,p.Ala133Met,-0.0546763720690301,0.0700121974893835,0.0285823599366592,False,True,False,False
2725,urn:mavedb:00000001-a-2#2726,c.133_134delinsCA,p.Ile45His,-0.33201646155810804,0.0494898913719366,0.0202041635478354,False,True,False,False
2730,urn:mavedb:00000001-a-2#2731,c.352_354delinsCCT,p.Glu118Pro,0.166315305769614,0.047600652245517995,0.0194328849041976,False,True,False,False
2762,urn:mavedb:00000001-a-2#2763,c.328_330delinsGCT,p.Lys110Ala,0.0664098280456646,0.0633315106423509,0.0258549809522337,False,True,False,False
2773,urn:mavedb:00000001-a-2#2774,c.[30C>T;42A>G;99T>C;195A>G;289T>C;364_366delinsCGT],p.Glu122Arg,0.697016002783038,0.169137149107978,0.0563790497026594,False,True,False,False
2777,urn:mavedb:00000001-a-2#2778,c.[251C>T;263C>T;354A>G;373A>T],p.?,-0.0126196530721447,0.0725719178997039,0.0209497081675008,False,True,False,False
2789,urn:mavedb:00000001-a-2#2790,c.337_339delinsTGT,p.Leu113Cys,1.09031117734295,0.10924005969838699,0.044597067622037,False,True,False,False
2808,urn:mavedb:00000001-a-2#2809,c.[47_48delinsTT;243A>G],p.Trp16Phe,0.44768780128867997,0.056333555823053,0.022998077860512,False,True,False,False
2865,urn:mavedb:00000001-a-2#2866,c.244_246delinsAGG,p.Phe82Arg,-0.3837041132176379,0.162355256894452,0.0662812560749813,False,True,False,False
2869,urn:mavedb:00000001-a-2#2870,c.229_231delinsCCT,p.Phe77Pro,-0.0360462657336338,0.0358473423223091,0.0146346162207556,False,True,False,False
2870,urn:mavedb:00000001-a-2#2871,c.[282G>A;358_360delinsAAT],p.Leu120Asn,-0.133790164109198,0.0771459648465486,0.0314947082647887,False,True,False,False
2898,urn:mavedb:00000001-a-2#2899,c.328_330delinsCTG,p.Lys110Leu,0.12700624890536802,0.128517632266464,0.0428392107554881,False,True,False,False
2928,urn:mavedb:00000001-a-2#2929,c.[216A>C;400_402delinsCGG],p.Tyr134Arg,-0.155339325007492,0.0931843336971476,0.0380423449298747,False,True,False,False
2944,urn:mavedb:00000001-a-2#2945,c.[177A>G;264T>A;371_372delinsGG],p.Asn124Arg,0.0391747219023164,0.20317041847314302,0.0586502478984189,False,True,False,False
2957,urn:mavedb:00000001-a-2#2958,c.[219A>G;370_372delinsTTG],p.Asn124Leu,-0.26865594058993897,0.0543140670761708,0.0181046890253903,False,True,False,False
2966,urn:mavedb:00000001-a-2#2967,c.364_366delinsTGG,p.Glu122Trp,0.340684637604613,0.134716432459731,0.038889284272446,False,True,False,False
2968,urn:mavedb:00000001-a-2#2969,c.391_393delinsTTG,p.Ala131Leu,0.740542061144453,0.0640947221829889,0.0261665607589615,False,True,False,False
3056,urn:mavedb:00000001-a-2#3057,c.436_438delinsCTT,p.Lys146Leu,0.488522821927215,0.0698630867806475,0.0285214857447279,False,True,False,False
3059,urn:mavedb:00000001-a-2#3060,c.202_204delinsAAG,p.Tyr68Lys,-0.234622283680595,0.100517933688224,0.0410362745891776,False,True,False,False
3071,urn:mavedb:00000001-a-2#3072,c.371_372delinsGG,p.Asn124Arg,0.0391747219023164,0.20317041847314302,0.0586502478984189,False,True,False,False
3134,urn:mavedb:00000001-a-2#3135,c.154_156delinsAAT,p.Pro52Asn,1.4611339276046598,0.137494361251411,0.0561318379293092,False,True,False,False
3143,urn:mavedb:00000001-a-2#3144,c.326_327delinsAG,p.Ile109Lys,-0.24824576207277302,0.0528508267412771,0.0215762596667282,False,True,False,False
3170,urn:mavedb:00000001-a-2#3171,c.376_378delinsTTT,p.Gln126Phe,0.48518441643362,0.0766127416667449,0.0312770208131982,False,True,False,False
3174,urn:mavedb:00000001-a-2#3175,c.[324A>T;373_375delinsGCG],p.Ile125Ala,0.321210824247794,0.0927785532755887,0.0309261844251962,False,True,False,False
3175,urn:mavedb:00000001-a-2#3176,c.244_246delinsAAG,p.Phe82Lys,-0.20734932869110898,0.0421032201219588,0.0171885676378134,False,True,False,False
3210,urn:mavedb:00000001-a-2#3211,c.[219A>G;440_441delinsAT],p.Arg147Asn,0.0109814132994337,0.0646148241826878,0.0263788915112054,False,True,False,False
3219,urn:mavedb:00000001-a-2#3220,c.103_105delinsTAT,p.Thr35Tyr,-0.127572580646885,0.19107734250152103,0.063692447500507,False,True,False,False
3220,urn:mavedb:00000001-a-2#3221,c.352_354delinsTTG,p.Glu118Leu,0.678864582691457,0.0642096306362834,0.0262134719385788,False,True,False,False
3238,urn:mavedb:00000001-a-2#3239,c.361_362delinsGG,p.Asn121Gly,0.17081765247279998,0.0745799048987568,0.0304471186778749,False,True,False,False
3266,urn:mavedb:00000001-a-2#3267,c.[325_327delinsCGG;339A>G;375C>T;402C>T],p.Ile109Arg,0.0969995777823452,0.0684803724340999,0.0228267908113666,False,True,False,False
3270,urn:mavedb:00000001-a-2#3271,c.106_107delinsTC,p.Met36Ser,0.0855972517005697,0.0808289916118188,0.0329982976454429,False,True,False,False
3292,urn:mavedb:00000001-a-2#3293,c.340_342delinsAAG,p.Leu114Lys,0.62429624642022,0.12704800928441498,0.0518671325971993,False,True,False,False
3305,urn:mavedb:00000001-a-2#3306,c.364_366delinsACT,p.Glu122Thr,0.8064673847082141,0.273346890461393,0.0911156301537976,False,True,False,False
3308,urn:mavedb:00000001-a-2#3309,c.379_381delinsTTT,p.Asp127Phe,0.14089496869531,0.131122245167046,0.053530432431230006,False,True,False,False
3331,urn:mavedb:00000001-a-2#3332,c.100_102delinsATG,p.Gly34Met,0.38689243520870203,0.0610944914850528,0.0249417217055319,False,True,False,False
3344,urn:mavedb:00000001-a-2#3345,c.100_102delinsATT,p.Gly34Ile,0.25414887992231,0.34502497029618895,0.11500832343206299,False,True,False,False
