,accession,hgvs_nt,hgvs_pro,score,SE,epsilon,SE_101208,score_101208,SE_110307,score_110307,stop,single_aa,syn,possible
254,urn:mavedb:00000002-a-1#255,c.37A>G,p.Thr13Ala,-0.5060245035542126,5.586924932393152e-33,3.911222940910562e-64,0.0523570827889539,-0.5121156135507734,0.11057965979698056,-0.4788541018189201,False,True,False,True
655,urn:mavedb:00000002-a-1#656,c.17C>G,p.Ala6Gly,-0.363762239184511,0.014369965173145148,1.6452498508850032e-05,0.02509266868364866,-0.3775029841807531,0.05344997804537507,-0.3126849926549502,False,True,False,True
729,urn:mavedb:00000002-a-1#730,c.98C>T,p.Pro33Leu,-2.32576810045798,8.861520658019724e-41,2.180840309556624e-79,0.3111823525635466,-2.3668204211383284,0.3107196592673776,-2.28483776942112,False,True,False,True
967,urn:mavedb:00000002-a-1#968,c.71T>C,p.Ile24Thr,-0.06967960107104686,0.0010551508219353203,8.478164911120363e-08,0.020752719400152927,-0.05912447958703471,0.03712086082989652,-0.1033957040032587,False,True,False,True
1624,urn:mavedb:00000002-a-1#1625,c.32C>G,p.Ala11Gly,-0.9738548121842456,7.039730261640906e-90,1.1423383273864056e-175,0.06703473280934408,-0.9730989575442496,0.10408246021429574,-0.975677002005752,False,True,False,True
2079,urn:mavedb:00000002-a-1#2080,c.1G>A,p.Asp1Asn,0.22143703666121392,2.0514278123459678e-19,1.2255113565827934e-37,0.061170670027507215,0.24468795842209576,0.05365203846610782,0.20355050423192853,False,True,False,True
2157,urn:mavedb:00000002-a-1#2158,c.52C>T,p.Arg18Cys,-0.7570088138884349,9.196626183978022e-28,6.457056961959262e-54,0.1353186986743904,-0.7861852448337916,0.16524663021897526,-0.7134995472087593,False,True,False,True
2172,urn:mavedb:00000002-a-1#2173,c.92A>T,p.Gln31Leu,-0.8395459418868856,5.617469692377162e-20,1.0189125880238172e-38,0.07762636093567614,-0.8576005928746593,0.14253087448969765,-0.7786780104808617,False,True,False,True
2186,urn:mavedb:00000002-a-1#2187,c.78G>C,p.Gln26His,-0.5507427962783891,0.1553435839263372,4.163336342344337e-17,0.052456686588614604,-0.6446413197290686,0.1759370931525049,-0.3583393413059928,False,True,False,True
2448,urn:mavedb:00000002-a-1#2449,c.51G>C,p.Gln17His,-0.06966863818522341,4.0527872368415326e-72,7.331886858246647e-141,0.029489496365520788,-0.07050413374106013,0.039394957051435336,-0.06817759337403029,False,True,False,True
2502,urn:mavedb:00000002-a-1#2503,c.96C>A,p.Asp32Glu,-1.5432359240021267,3.167391110005303e-88,2.0400241579013786e-172,0.16443500186362228,-1.5406071829380243,0.1580032940962336,-1.5456630457233105,False,True,False,True
2642,urn:mavedb:00000002-a-1#2643,c.20G>C,p.Gly7Ala,-1.3845058855617751,1.4157819742148175e-37,3.97092929558504e-73,0.1354648537735932,-1.4066498739448194,0.12103249257653625,-1.3668289680797812,False,True,False,True
2856,urn:mavedb:00000002-a-1#2857,c.59T>G,p.Phe20Cys,-2.175111492604253,3.7375452992585673e-35,2.314258483124799e-68,0.4239222323469173,-2.1078120161885323,0.4756035462614239,-2.259820475448442,False,True,False,True
2901,urn:mavedb:00000002-a-1#2902,c.44C>T,p.Ser15Phe,0.1975381812652864,0.035789551935593474,2.168404344971009e-19,0.004303270815483261,0.17225973103012082,0.00787754065068383,0.223663600941983,False,True,False,True
2986,urn:mavedb:00000002-a-1#2987,c.13C>T,p.Pro5Ser,-1.374543972630924,5.348807839247789e-126,1.7471835036204404e-246,0.13169748669858494,-1.3741573227183572,0.124919133640515,-1.374891845748635,False,True,False,True
3024,urn:mavedb:00000002-a-1#3025,c.62T>A,p.Leu21Gln,-1.412557486251328,1.5840359984081427e-56,2.9026654554657394e-110,0.20520477550583752,-1.3970506376188627,0.1452177500536733,-1.4203233189135296,False,True,False,True
3081,urn:mavedb:00000002-a-1#3082,c.27A>C,p.Glu9Asp,0.3641651897343161,1.1224230233441936e-34,1.8154004948093526e-67,0.028227712442300695,0.3611696031721694,0.061599915281808935,0.3784308124593872,False,True,False,True
3377,urn:mavedb:00000002-a-1#3378,c.4G>C,p.Val2Leu,0.7778400835466729,0.00012912622575197646,6.921844480235847e-10,0.08176145577474654,0.8357523324725338,0.0781573540241219,0.7249209162184402,False,True,False,True
3522,urn:mavedb:00000002-a-1#3523,c.10C>G,p.Leu4Val,-0.8785667007491065,2.9081743046595694e-14,1.2682174774351127e-27,0.053593185353929575,-0.892966512938504,0.1142147370681483,-0.8131660641727829,False,True,False,True
3656,urn:mavedb:00000002-a-1#3657,c.26A>T,p.Glu9Val,-1.750671946487208,3.324768359828655e-39,2.61684951720537e-76,0.2029220296061347,-1.7759708669408187,0.2572818892586036,-1.7100030838438682,False,True,False,True
3755,urn:mavedb:00000002-a-1#3756,c.71T>A,p.Ile24Asn,0.4510661675993549,7.381587955042977e-19,1.4343150464045205e-36,0.027397109974266903,0.4421455332492164,0.034619644057166686,0.4653101500194441,False,True,False,True
3998,urn:mavedb:00000002-a-1#3999,c.89G>C,p.Trp30Ser,-2.390480970914745,1.6486704462809412e-57,3.5478664017523917e-112,0.4301654758535632,-2.3613863439978795,0.34999756896893786,-2.409741656613492,False,True,False,True
4155,urn:mavedb:00000002-a-1#4156,c.19G>C,p.Gly7Arg,-0.7684621207602786,2.825259970616848e-41,2.218890326139797e-80,0.1087312846206177,-0.783813085289113,0.09366605910503263,-0.7570703529023244,False,True,False,True
4694,urn:mavedb:00000002-a-1#4695,c.73G>A,p.Asp25Asn,0.9307568654943096,0.03487879893279704,2.966861001665877e-11,0.04068945490407015,0.8930855749253257,0.04152423729456794,0.969328314485912,False,True,False,True
5007,urn:mavedb:00000002-a-1#5008,c.16G>T,p.Ala6Ser,-0.09193525890912914,1.0212131037242962e-49,6.033917314341862e-97,0.016490587609640905,-0.09110660323051743,0.03946889070906885,-0.09668217647156307,False,True,False,True
5486,urn:mavedb:00000002-a-1#5487,c.31G>A,p.Ala11Thr,-0.9974565647112158,4.778114505640583e-15,3.614924388964368e-29,0.0159489480038778,-1.000747629372463,0.045365732495692736,-0.9708292000484772,False,True,False,True
5737,urn:mavedb:00000002-a-1#5738,c.35A>C,p.Lys12Thr,-0.4198360481292577,9.9088648846826e-21,3.4365197534441713e-40,0.1181590857204834,-0.3726986211503345,0.07438662888454026,-0.438517962784573,False,True,False,True
5892,urn:mavedb:00000002-a-1#5893,c.101G>C,p.Arg34Pro,-2.168032678118729,1.2284250591552433e-56,1.8054635030856798e-110,0.3486184379160833,-2.1922560127287536,0.29516012873348185,-2.15066872496884,False,True,False,True
5931,urn:mavedb:00000002-a-1#5932,c.25G>A,p.Glu9Lys,-1.3131116026039693,1.7023621061059485e-28,2.3781683071766962e-55,0.13900854684322236,-1.3445211221747495,0.14760888171861405,-1.2776952961429768,False,True,False,True
6188,urn:mavedb:00000002-a-1#6189,c.11T>A,p.Leu4Gln,-1.6482971954394197,3.491863908204559e-83,1.592528248979335e-162,0.2533710672462838,-1.6426922480601618,0.19017779549018668,-1.6514549408731931,False,True,False,True
6256,urn:mavedb:00000002-a-1#6257,c.5T>G,p.Val2Gly,1.1807910718542471,1.7068862460822358e-48,1.5191421589103046e-94,0.05081322262876741,1.1874955657163722,0.014451995015329754,1.180248736239279,False,True,False,True
6798,urn:mavedb:00000002-a-1#6799,c.36A>T,p.Lys12Asn,-0.4596270522457816,0.0036726890100955405,1.3900254665693206e-06,0.012773775533274212,-0.4686287657080652,0.01533915190051534,-0.4469212634326305,False,True,False,True
7474,urn:mavedb:00000002-a-1#7475,c.28A>C,p.Met10Leu,-0.3926586832188349,3.77235915261085e-06,2.3613030589272835e-12,0.011011691405318816,-0.3907460862545205,0.0576730682502246,-0.4451226898588807,False,True,False,True
7532,urn:mavedb:00000002-a-1#7533,c.58T>G,p.Phe20Val,-2.009672350279002,6.257244843063607e-31,4.177958356717537e-60,0.2077637975764918,-1.9696628824400868,0.23784521547840465,-2.0621062143924003,False,True,False,True
7734,urn:mavedb:00000002-a-1#7735,c.5T>A,p.Val2Asp,1.1531110038433747,7.827116640438674e-10,4.1418891885754437e-19,0.09916552472647508,1.212749409550116,0.07992456439377868,1.1143705100088224,False,True,False,True
7923,urn:mavedb:00000002-a-1#7924,c.16G>C,p.Ala6Pro,0.09479094707764413,1.759509303477609e-19,9.186077364281511e-38,0.06859118527768128,0.0710992126775456,0.0723564355567337,0.12115514532462335,False,True,False,True
8061,urn:mavedb:00000002-a-1#8062,c.2A>G,p.Asp1Gly,0.8134106476555686,2.4489022883458928e-86,9.875940463110355e-169,0.02053955998518267,0.8135379611379929,0.07900533921348876,0.8115269768333522,False,True,False,True
8258,urn:mavedb:00000002-a-1#8259,c.55T>C,p.Tyr19His,-1.9932018291989333,2.781473762231461e-33,1.0403944610894427e-64,0.2420677636542623,-1.945682251585653,0.21598329765315208,-2.0310320600257947,False,True,False,True
8364,urn:mavedb:00000002-a-1#8365,c.46G>A,p.Gly16Ser,-1.2280529571787957,5.696002079838109e-37,6.052891673217592e-72,0.1203658924023385,-1.2472177632239971,0.12077303113355428,-1.208758281598759,False,True,False,True
8589,urn:mavedb:00000002-a-1#8590,c.93G>T,p.Gln31His,0.5724437977126742,2.545805454063487e-05,2.223687054404613e-11,0.013080660581839782,0.5814489720691434,0.013339584039476918,0.5630785928481021,False,True,False,True
8626,urn:mavedb:00000002-a-1#8627,c.35A>T,p.Lys12Ile,-0.6551615277718437,6.809486395732207e-15,7.505840720637195e-29,0.03535792381102042,-0.6471889094301098,0.09021986888269372,-0.7070692349812715,False,True,False,True
8698,urn:mavedb:00000002-a-1#8699,c.52C>G,p.Arg18Gly,-1.2782354406944396,1.847434050820093e-14,5.256064706519162e-28,0.07607458246852597,-1.3083128364157592,0.09374864839549343,-1.2325591208861253,False,True,False,True
8761,urn:mavedb:00000002-a-1#8762,c.43T>C,p.Ser15Pro,-1.7101987334744069,1.221790435631139e-24,8.306904393883448e-48,0.21577189391755733,-1.6407987519663303,0.14831729723680098,-1.7429896241444194,False,True,False,True
8959,urn:mavedb:00000002-a-1#8960,c.65A>C,p.Asn22Thr,-2.0723743350004447,1.4723858213506023e-34,3.306434728304171e-67,0.2543774268786703,-2.1188951163782423,0.2331101754071675,-2.03330713165254,False,True,False,True
8967,urn:mavedb:00000002-a-1#8968,c.41G>T,p.Ser14Ile,0.10468984668464522,0.034623669578741134,0.0,0.01564783966291155,0.07717520452908655,0.010511749440655544,0.12964375465785416,False,True,False,True
9254,urn:mavedb:00000002-a-1#9255,c.20G>T,p.Gly7Val,-2.1048082185342643,1.4294868277020542e-76,1.4796695697387212e-149,0.24895503217439602,-2.110759439304644,0.29597195358734746,-2.096396875182252,False,True,False,True
9275,urn:mavedb:00000002-a-1#9276,c.69C>G,p.His23Gln,-2.3066189611950545,3.281990951213272e-97,5.107255235207964e-190,0.3980771459004094,-2.302491095217424,0.39023866423500425,-2.3105858652014675,False,True,False,True
9295,urn:mavedb:00000002-a-1#9296,c.52C>A,p.Arg18Ser,-0.05516863516406795,1.5357015720845153e-21,8.839476912470187e-42,0.05068661468953156,-0.06903520879448742,0.06826753103445103,-0.03001440776151965,False,True,False,True
9367,urn:mavedb:00000002-a-1#9368,c.82A>G,p.Thr28Ala,-2.5707127943464863,1.9365888611036666e-28,3.1709503782903418e-55,0.2947446030057744,-2.5086725038085724,0.3471436805265074,-2.656772652744709,False,True,False,True
9651,urn:mavedb:00000002-a-1#9652,c.1G>T,p.Asp1Tyr,0.17230648053645656,4.5426056953698364e-09,1.1117151438891352e-17,0.08094503716351599,0.10909806376944298,0.020759052627792537,0.17646376285869847,False,True,False,True
9824,urn:mavedb:00000002-a-1#9825,c.53G>T,p.Arg18Leu,-0.13161536661765594,1.4905040336538797e-14,3.2787400560510043e-28,0.02182495415529538,-0.13758303164129426,0.045792095581206886,-0.10534423414929116,False,True,False,True
9980,urn:mavedb:00000002-a-1#9981,c.42T>A,p.Ser14Arg,0.6002667432432609,0.032333565303329134,3.0357660829594124e-18,0.030716894881695312,0.5669607300918305,0.0230620823378167,0.6266792880397469,False,True,False,True
10171,urn:mavedb:00000002-a-1#10172,c.66C>G,p.Asn22Lys,-1.6303316115653792,1.9456322178219956e-57,4.793741266632947e-112,0.2137460739823352,-1.6170399018044996,0.21651975375783825,-1.6439705197393275,False,True,False,True
10270,urn:mavedb:00000002-a-1#10271,c.94G>T,p.Asp32Tyr,-0.6314279199063109,0.03237750827207748,8.878336434092747e-14,0.04580121332034566,-0.6792839000921354,0.011286983492802905,-0.613543857332886,False,True,False,True
10316,urn:mavedb:00000002-a-1#10317,c.37A>C,p.Thr13Pro,-1.9845407400046124,3.807752088903457e-39,3.4511059781529544e-76,0.3244318779689217,-1.9352484515495727,0.2803299569455221,-2.021342701024241,False,True,False,True
10320,urn:mavedb:00000002-a-1#10321,c.80C>G,p.Thr27Ser,-0.17597131770009775,0.04098105577616022,0.0,0.029872278588561733,-0.21201563736678875,0.0289780101148284,-0.1406645899789245,False,True,False,True
10336,urn:mavedb:00000002-a-1#10337,c.56A>T,p.Tyr19Phe,-1.80323453626272,5.864734351808304e-48,1.8142610819416822e-93,0.16273809296009498,-1.7883262863272151,0.17952894439712147,-1.8213778735738504,False,True,False,True
10436,urn:mavedb:00000002-a-1#10437,c.86C>T,p.Thr29Met,-1.635410700624196,1.7446075121032195e-84,4.4631826983729845e-165,0.23973132986073264,-1.6403722560462035,0.18429623579707505,-1.6324784493226936,False,True,False,True
10623,urn:mavedb:00000002-a-1#10624,c.90G>C,p.Trp30Cys,-2.2095082260349934,3.1687043799843556e-39,2.4208229790333967e-76,0.3291439552602048,-2.16526379244711,0.3611549308305457,-2.2627771555836182,False,True,False,True
10728,urn:mavedb:00000002-a-1#10729,c.98C>A,p.Pro33Gln,-2.0203353895546616,3.281879883082517e-81,1.1872690156862162e-158,0.2779352430168296,-2.0262193551655616,0.2810195848073878,-2.014320106598157,False,True,False,True
10930,urn:mavedb:00000002-a-1#10931,c.17C>T,p.Ala6Val,-0.08792018886140547,5.9225103144126676e-18,8.474280505401544e-35,0.05758407967544455,-0.06366632085146008,0.04643188813204315,-0.10368935897329212,False,True,False,True
11089,urn:mavedb:00000002-a-1#11090,c.61C>A,p.Leu21Met,-0.5024618467542818,2.3760278140137925e-107,6.258491942271518e-210,0.06222028583514427,-0.5028208542104875,0.08134605632406941,-0.5018482084362192,False,True,False,True
11149,urn:mavedb:00000002-a-1#11150,c.69C>A,p.His23Gln,-2.300425020369044,2.4382008318810095e-99,3.413916436009231e-194,0.42093489344543217,-2.3046954790725627,0.3500536079861152,-2.2974716780621645,False,True,False,True
11354,urn:mavedb:00000002-a-1#11355,c.50A>T,p.Gln17Leu,-0.8648542306870971,3.1279408710238736e-24,5.039075495844668e-47,0.08668167362495846,-0.8410142263614421,0.0929369504686748,-0.8922591539145001,False,True,False,True
11358,urn:mavedb:00000002-a-1#11359,c.24G>T,p.Trp8Cys,-2.1003598777274703,1.8184313393816443e-65,8.882715816340413e-128,0.3976662911372758,-2.118039623298896,0.3722751279691658,-2.084865772671664,False,True,False,True
11793,urn:mavedb:00000002-a-1#11794,c.14C>T,p.Pro5Leu,-1.3643240867756854,2.8520887368847248e-27,5.853548001979384e-53,0.1150693433404867,-1.3906936363722788,0.13237106876340807,-1.32942857330268,False,True,False,True
11908,urn:mavedb:00000002-a-1#11909,c.75C>G,p.Asp25Glu,0.4183159317144105,5.443668955255511e-23,1.2874455975859453e-44,0.02657422583199595,0.41335724007715857,0.05557587412864851,0.4400038797343542,False,True,False,True
11935,urn:mavedb:00000002-a-1#11936,c.59T>C,p.Phe20Ser,-2.1355345541746367,1.5012716668318053e-59,3.5001908340792003e-116,0.2836548545913634,-2.119896359808328,0.2981714740079581,-2.1528143397822217,False,True,False,True
12422,urn:mavedb:00000002-a-1#12423,c.19G>A,p.Gly7Ser,-1.2072628178653635,1.4553619328069664e-53,1.8300619031666685e-104,0.10450514637488087,-1.2152757637173872,0.1016507949782412,-1.1996816098841951,False,True,False,True
12473,urn:mavedb:00000002-a-1#12474,c.11T>G,p.Leu4Arg,-1.8590366033293504,1.2544131258590592e-38,3.51897475567701e-75,0.1775743620382474,-1.8802444387005401,0.2511771992357881,-1.8166043354330084,False,True,False,True
12865,urn:mavedb:00000002-a-1#12866,c.29T>G,p.Met10Arg,-0.2995457005672584,1.5039194063060087e-27,1.5638354820340516e-53,0.02793882243123313,-0.2922233407606458,0.02559919999666269,-0.30569304655832497,False,True,False,True
13493,urn:mavedb:00000002-a-1#13494,c.82A>C,p.Thr28Pro,-2.2977984589039617,6.495333898173802e-31,4.5839938906742175e-60,0.36314337912570815,-2.2211742982448417,0.34316239192704034,-2.3662225192403654,False,True,False,True
13991,urn:mavedb:00000002-a-1#13992,c.74A>C,p.Asp25Ala,0.9980555907460921,8.28179930147942e-74,3.6282437539887605e-144,0.04087698481527543,0.9970963521279692,0.06367359864314227,1.0003830802896347,False,True,False,True
14815,urn:mavedb:00000002-a-1#14816,c.25G>C,p.Glu9Gln,0.05481464727461593,2.248450752721867e-16,1.0136138384087893e-31,0.07087163549226029,0.027694329689256225,0.07994894325356489,0.08932705959570075,False,True,False,True
14884,urn:mavedb:00000002-a-1#14885,c.2A>C,p.Asp1Ala,0.8292277054802782,7.694416985400421e-09,3.1932485698436446e-17,0.004693575372630085,0.8291035409041903,0.1429240394009867,0.9443609334837636,False,True,False,True
15458,urn:mavedb:00000002-a-1#15459,c.24G>C,p.Trp8Cys,-2.060482146256268,5.56297077810218e-29,2.7689044190478237e-56,0.3293038697376888,-2.13251606653086,0.34552323900024673,-1.9811776324752968,False,True,False,True
15626,urn:mavedb:00000002-a-1#15627,c.76C>G,p.Gln26Glu,-1.634096168538276,0.00024641414974190424,1.347385462151366e-09,0.09560491403148752,-1.7016198398307698,0.0937313112292943,-1.5691931163886583,False,True,False,True
15629,urn:mavedb:00000002-a-1#15630,c.97C>A,p.Pro33Thr,-2.177482880246367,1.653797491083283e-116,7.35234286689955e-228,0.34883030747228616,-2.179098652693419,0.29880877719798826,-2.1762972794643867,False,True,False,True
16676,urn:mavedb:00000002-a-1#16677,c.20G>A,p.Gly7Asp,-1.59399168425939,1.3928334876299502e-29,1.795456300715408e-57,0.18234943890713687,-1.6339515570356076,0.18511861776469885,-1.552808925874789,False,True,False,True
17846,urn:mavedb:00000002-a-1#17847,c.68A>C,p.His23Pro,-2.1953799059125765,2.979055338303484e-89,2.0102550856208232e-174,0.2554904358370432,-2.191294034476848,0.21760488671956413,-2.1983438683186494,False,True,False,True
18067,urn:mavedb:00000002-a-1#18068,c.59T>A,p.Phe20Tyr,0.08620760191348634,3.299564022062079e-09,5.2532602815251276e-18,0.022727037026899332,0.10426452193976488,0.0059506961671294024,0.0849696790374943,False,True,False,True
18078,urn:mavedb:00000002-a-1#18079,c.51G>T,p.Gln17His,-0.1120068663243094,1.9356371614355197e-19,1.0654822675554992e-37,0.035023202113108984,-0.12477602788947985,0.034264822735458916,-0.09978471489975148,False,True,False,True
18090,urn:mavedb:00000002-a-1#18091,c.95A>T,p.Asp32Val,-0.6268565128573145,1.1057028147204745e-55,1.224177379460164e-108,0.0350615820395391,-0.6295301465722782,0.02934504020021495,-0.6249836399379345,False,True,False,True
18535,urn:mavedb:00000002-a-1#18536,c.14C>A,p.Pro5Gln,-1.1230683326635194,1.3414114376705092e-30,1.78914603625603e-59,0.09101010436038873,-1.1421673236429948,0.09436127050982752,-1.102536923484085,False,True,False,True
19333,urn:mavedb:00000002-a-1#19334,c.11T>C,p.Leu4Pro,-1.6237618503626252,1.1054837643643642e-54,1.1907461668982167e-106,0.17420471624474715,-1.6104347530528251,0.1494306809501836,-1.6335679274471566,False,True,False,True
19583,urn:mavedb:00000002-a-1#19584,c.97C>T,p.Pro33Ser,-2.134899784985811,8.214321386034327e-93,2.1319613788920103e-181,0.3440982130226993,-2.139606607514292,0.2860302036734509,-2.1316475135883532,False,True,False,True
19613,urn:mavedb:00000002-a-1#19614,c.70A>T,p.Ile24Phe,-0.5566503480829773,1.2343213567126214e-29,1.3251038247260944e-57,0.03708600835031897,-0.5646285169704206,0.04110032543938385,-0.5468515329685021,False,True,False,True
19851,urn:mavedb:00000002-a-1#19852,c.7C>G,p.Pro3Ala,0.3074984572835077,6.886073685593012e-33,5.627367443669073e-64,0.03633158807718927,0.2987137779130329,0.020848495279018383,0.3103911785143314,False,True,False,True
19860,urn:mavedb:00000002-a-1#19861,c.22T>G,p.Trp8Gly,-2.1081351721878185,3.297582622576213e-33,1.4627300734096116e-64,0.2641273821180324,-2.1555251411353504,0.2831844992169124,-2.0536600108254484,False,True,False,True
20327,urn:mavedb:00000002-a-1#20328,c.88T>C,p.Trp30Arg,-2.691447640698007,3.7604366247329583e-06,3.538955919226808e-12,0.15159459607824427,-2.750618476561685,0.3125162470714345,-2.4399780561380515,False,True,False,True
20459,urn:mavedb:00000002-a-1#20460,c.101G>A,p.Arg34His,-1.87641297771567,6.286399197266647e-56,4.38772112590606e-109,0.2393990131215576,-1.8917354012284784,0.25994556294849663,-1.858347578295021,False,True,False,True
20476,urn:mavedb:00000002-a-1#20477,c.40A>G,p.Ser14Gly,0.10887582019982836,3.468322086984849e-15,1.957133349552545e-29,0.04027151613012488,0.09016681306042383,0.03519450336319786,0.12316490661965852,False,True,False,True
20928,urn:mavedb:00000002-a-1#20929,c.8C>G,p.Pro3Arg,0.6487433100621339,0.0012239008206354988,1.0335009285950633e-07,0.04936620555132444,0.6069987050752781,0.03500139815827453,0.6697403120492287,False,True,False,True
21819,urn:mavedb:00000002-a-1#21820,c.67C>T,p.His23Tyr,-2.39166216038936,1.2301290762558716e-55,1.6560980103364062e-108,0.35152999082510616,-2.4161251281135967,0.3278285261190453,-2.3703867542665247,False,True,False,True
22106,urn:mavedb:00000002-a-1#22107,c.47G>C,p.Gly16Ala,-1.4876920883540754,3.889266309143196e-55,1.515717954567731e-107,0.1240338192822178,-1.497028234323074,0.10698672262438956,-1.4807458902182953,False,True,False,True
22537,urn:mavedb:00000002-a-1#22538,c.4G>A,p.Val2Ile,0.2968594177992607,5.864316546116756e-26,2.0322494459517126e-50,0.030021121591543614,0.2894590067745901,0.03528965224067684,0.3070852054946869,False,True,False,True
22570,urn:mavedb:00000002-a-1#22571,c.85A>T,p.Thr29Ser,-0.5356558804607765,3.050729584090083e-56,1.0006933753876979e-109,0.04817018125536613,-0.532732878305378,0.05904647089684568,-0.5400478615962371,False,True,False,True
23863,urn:mavedb:00000002-a-1#23864,c.7C>A,p.Pro3Thr,0.1936248561325207,6.655584325102706e-44,1.5462729653471824e-85,0.07435468022385441,0.18378963856411268,0.05719639654951698,0.1994446109457848,False,True,False,True
24665,urn:mavedb:00000002-a-1#24666,c.23G>T,p.Trp8Leu,-1.9884109182145009,7.075740536277984e-89,1.1036290039688893e-173,0.26450882957526145,-1.992150024037287,0.2979898232937927,-1.98366532755806,False,True,False,True
24678,urn:mavedb:00000002-a-1#24679,c.58T>A,p.Phe20Ile,-2.1236239989609955,1.2361051551105131e-56,1.8119676930634717e-110,0.2558475261507144,-2.1073272476184197,0.26353295018340395,-2.140914534416087,False,True,False,True
24710,urn:mavedb:00000002-a-1#24711,c.34A>C,p.Lys12Gln,-0.2865755385934061,4.101267610072146e-32,1.8828934525214308e-62,0.04930247380916535,-0.27558650070032265,0.0397703062214652,-0.2937260996407298,False,True,False,True
25425,urn:mavedb:00000002-a-1#25426,c.4G>T,p.Val2Phe,0.12950080802129782,0.024478101616631984,3.5966211617017435e-09,0.016883390729566138,0.11451524412189062,0.044701350626058615,0.17352056806304314,False,True,False,True
25530,urn:mavedb:00000002-a-1#25531,c.42T>G,p.Ser14Arg,0.699487406055741,3.095590858366816e-56,1.0087410927896094e-109,0.01633500439664887,0.69891570444952,0.042226762739082574,0.7033077853017056,False,True,False,True
25854,urn:mavedb:00000002-a-1#25855,c.92A>G,p.Gln31Arg,0.7387810227138941,0.12348603508472493,0.0,0.07773766838418754,0.627718947593094,0.014587337035795891,0.8194310682571189,False,True,False,True
26063,urn:mavedb:00000002-a-1#26064,c.30G>A,p.Met10Ile,-0.6521065902766945,5.427293218456942e-19,8.04444405830853e-37,0.05470879254568045,-0.6762038507305612,0.03379085182499393,-0.6429137081382503,False,True,False,True
26116,urn:mavedb:00000002-a-1#26117,c.92A>C,p.Gln31Pro,-2.17871546518834,6.972984767339437e-65,1.2338493041661239e-126,0.31314111323257915,-2.191208052078898,0.3791829390050279,-2.1603978144844533,False,True,False,True
26275,urn:mavedb:00000002-a-1#26276,c.3C>G,p.Asp1Glu,0.6927229073337535,0.08368121782036472,0.0,0.026784753206143125,0.7551140998960335,0.024244896175483168,0.6313791798989987,False,True,False,True
26352,urn:mavedb:00000002-a-1#26353,c.100C>G,p.Arg34Gly,-1.9372465794871505,1.1276665824041777e-98,6.803446633650318e-193,0.3147165551048113,-1.9339954509715425,0.27276054977939074,-1.9396886492930439,False,True,False,True
26557,urn:mavedb:00000002-a-1#26558,c.56A>G,p.Tyr19Cys,-2.2241079665737065,1.106392273222007e-40,3.3873372355974193e-79,0.32525131889074943,-2.1847825528575937,0.3828857818434636,-2.278605098468018,False,True,False,True
26619,urn:mavedb:00000002-a-1#26620,c.101G>T,p.Arg34Leu,-2.071248069708733,2.4546633231405398e-36,1.0998218429926046e-70,0.30367176418193115,-2.0227419497149253,0.30904446620747456,-2.12148575889874,False,True,False,True
26709,urn:mavedb:00000002-a-1#26710,c.47G>A,p.Gly16Asp,-1.0706592033394198,5.113278796839597e-11,2.3194614264785195e-21,0.12291586828492886,-1.1348828757148621,0.11923411598348453,-1.0102253479739989,False,True,False,True
26764,urn:mavedb:00000002-a-1#26765,c.26A>C,p.Glu9Ala,0.4059599173080396,1.934737201473292e-25,2.1433591565147027e-49,0.05173339439182072,0.3925541629986955,0.057003740488086735,0.4222362296247013,False,True,False,True
26872,urn:mavedb:00000002-a-1#26873,c.14C>G,p.Pro5Arg,-1.5996111841554723,4.17493500321591e-46,7.753486901671714e-90,0.1788316707177176,-1.5801971999625155,0.16637595986293024,-1.6164149627982385,False,True,False,True
26992,urn:mavedb:00000002-a-1#26993,c.31G>C,p.Ala11Pro,-2.0845374441577627,3.6529969486816768e-59,2.0057488321897858e-115,0.3388562876475413,-2.063200962139244,0.27673788393296744,-2.0987682321433105,False,True,False,True
27055,urn:mavedb:00000002-a-1#27056,c.38C>T,p.Thr13Ile,-1.087302093587186,2.3355046432954263e-47,2.624474441154536e-92,0.06818931279990227,-1.0941493511311973,0.06884167133948181,-1.0803231956519457,False,True,False,True
27064,urn:mavedb:00000002-a-1#27065,c.1G>C,p.Asp1His,0.07394221782074792,1.4187769966481036e-05,2.7454562126297073e-11,0.07999294420351981,0.021645414732197388,0.0823131890688371,0.12931682175068282,False,True,False,True
27506,urn:mavedb:00000002-a-1#27507,c.19G>T,p.Gly7Cys,-1.0164556240134324,4.7192751398650484e-57,2.717906865452292e-111,0.2154867167100097,-1.0019921086611223,0.19323264942571328,-1.0280860030839838,False,True,False,True
27537,urn:mavedb:00000002-a-1#27538,c.53G>C,p.Arg18Pro,0.5335744099031179,0.015938770990427484,7.3304263088747575e-09,0.021503923409268228,0.5155688825064968,0.024756151942669183,0.5553609124940406,False,True,False,True
27578,urn:mavedb:00000002-a-1#27579,c.100C>T,p.Arg34Cys,-2.017715960072298,2.2087282476607023e-63,1.083618736068765e-123,0.4166845685345406,-1.9957675245588309,0.3268634037234795,-2.031221791740746,False,True,False,True
28223,urn:mavedb:00000002-a-1#28224,c.13C>G,p.Pro5Ala,-1.2059332275645542,1.7063982814557002e-29,2.595914013097307e-57,0.05606565956062237,-1.213338728698539,0.12258727667714055,-1.1705293055155752,False,True,False,True
28417,urn:mavedb:00000002-a-1#28418,c.40A>T,p.Ser14Cys,-1.5150213875123062,3.1513189830071353e-52,7.869537667093357e-102,0.25264704665074883,-1.4950733279719637,0.252522817827192,-1.5349498345953188,False,True,False,True
28478,urn:mavedb:00000002-a-1#28479,c.100C>A,p.Arg34Ser,-1.7639489739086691,1.933804901099494e-108,4.7416226403217265e-212,0.1800949512402023,-1.7628241126577795,0.1820188068506909,-1.7650979960747146,False,True,False,True
28709,urn:mavedb:00000002-a-1#28710,c.49C>G,p.Gln17Glu,-0.5429953880471615,1.3821114198148104e-17,4.302181163380196e-34,0.041113515881213036,-0.5620034167469798,0.027226226050246227,-0.5346596753872044,False,True,False,True
29036,urn:mavedb:00000002-a-1#29037,c.70A>C,p.Ile24Leu,-0.14656743232865546,8.352888591375119e-63,1.3504559020239992e-122,0.04466372502083621,-0.1442180954193022,0.04136387494424379,-0.14858244532948284,False,True,False,True
29237,urn:mavedb:00000002-a-1#29238,c.68A>G,p.His23Arg,-1.966771032405629,1.7686988825721153e-52,2.521852381488557e-102,0.18659572800931512,-1.9792527727114475,0.2460190999359357,-1.9450735472572882,False,True,False,True
29378,urn:mavedb:00000002-a-1#29379,c.31G>T,p.Ala11Ser,-0.3227871054487538,2.2083883143399945e-10,3.3644974716073636e-20,0.03567967001178547,-0.34489740613876263,0.02624298123332848,-0.3108257793564415,False,True,False,True
29725,urn:mavedb:00000002-a-1#29726,c.66C>A,p.Asn22Lys,-1.80745824520287,1.5278256548208872e-79,2.205835807965374e-155,0.2561455016230359,-1.8133187405487856,0.25861672923406626,-1.8014841231865253,False,True,False,True
29860,urn:mavedb:00000002-a-1#29861,c.40A>C,p.Ser14Arg,0.6071536013519926,6.496172740138165e-102,2.8154912548227222e-199,0.049028701280250685,0.6075945399182611,0.04527796885577101,0.606777546514532,False,True,False,True
30083,urn:mavedb:00000002-a-1#30084,c.38C>A,p.Thr13Asn,-1.15594840422569,2.3000034680298754e-43,1.8109209614172803e-84,0.1025308127067271,-1.164807600869477,0.1716176063963732,-1.131127978696704,False,True,False,True
30392,urn:mavedb:00000002-a-1#30393,c.70A>G,p.Ile24Val,-0.4583473052371304,5.215762402466202e-18,6.525774329559485e-35,0.030750165660717418,-0.4672990505786228,0.04834508716579833,-0.4362205620878537,False,True,False,True
30445,urn:mavedb:00000002-a-1#30446,c.91C>A,p.Gln31Lys,-0.7245731575514421,1.554573718149469e-38,5.307679579171821e-75,0.14531086557758655,-0.7066042416126974,0.19753482948554807,-0.7577788897593418,False,True,False,True
30620,urn:mavedb:00000002-a-1#30621,c.90G>T,p.Trp30Cys,-2.3371927116159186,2.7556987657392724e-36,1.4010455828305071e-70,0.4612046428430405,-2.2606550199563302,0.42941931310188064,-2.403544275668001,False,True,False,True
30734,urn:mavedb:00000002-a-1#30735,c.44C>A,p.Ser15Tyr,0.7091154428134521,3.366921021169893e-33,1.3671791497754704e-64,0.02751054068229747,0.7021171747269452,0.011775414514860435,0.7103976102159875,False,True,False,True
31071,urn:mavedb:00000002-a-1#31072,c.88T>A,p.Trp30Arg,-2.638158745840046,0.10604611984376472,0.0008686317226596022,0.2196818783507221,-2.7735784978538742,0.3662952280003785,-2.30432952429378,False,True,False,True
31122,urn:mavedb:00000002-a-1#31123,c.35A>G,p.Lys12Arg,-0.09675198923307304,1.4284426577503516e-40,5.109959073074622e-79,0.03424333715771704,-0.09263832047749254,0.04412886649875178,-0.10358359346354452,False,True,False,True
31304,urn:mavedb:00000002-a-1#31305,c.41G>A,p.Ser14Asn,0.09907276253893096,6.786824133778468e-16,8.180851185986884e-31,0.034097986044312814,0.08275903150525421,0.025826438394820454,0.10843166407009884,False,True,False,True
31747,urn:mavedb:00000002-a-1#31748,c.8C>T,p.Pro3Leu,-0.02520634973662033,1.6122725413935474e-14,3.5755556733919613e-28,0.018692682848505872,-0.03707011034918439,0.003967829274720723,-0.024671803773022468,False,True,False,True
31771,urn:mavedb:00000002-a-1#31772,c.80C>T,p.Thr27Ile,-0.6324910858616071,1.0590440100183436e-44,4.277932847298567e-87,0.1129443022753524,-0.6476293415478587,0.0733794377442148,-0.6261011581956488,False,True,False,True
31782,urn:mavedb:00000002-a-1#31783,c.86C>A,p.Thr29Lys,-1.8002192110874615,1.149921401328397e-74,8.013401018189298e-146,0.2664704918182153,-1.791598151908059,0.20186995260446808,-1.8051669382337043,False,True,False,True
31851,urn:mavedb:00000002-a-1#31852,c.28A>G,p.Met10Val,-0.2143541322515076,5.8720883987615775e-12,3.370928753264148e-23,0.05032795743419022,-0.2421015739462629,0.040996061847129665,-0.19594265578978787,False,True,False,True
31989,urn:mavedb:00000002-a-1#31990,c.83C>T,p.Thr28Ile,-2.8672244132304883,1.4711262587776454e-54,2.184419035114938e-106,0.5766845876812569,-2.8229645266844536,0.4704404147561919,-2.8966783164362075,False,True,False,True
32081,urn:mavedb:00000002-a-1#32082,c.80C>A,p.Thr27Asn,-0.6273578448817034,0.05117323764709997,0.0,0.02741306999165017,-0.668309090320534,0.02799942104181304,-0.5860117970016345,False,True,False,True
32351,urn:mavedb:00000002-a-1#32352,c.79A>G,p.Thr27Ala,-0.8730729836645378,0.09332679267363607,3.469446951953613e-18,0.02673562584356908,-0.9310167040646412,0.09122073205261057,-0.7683643259481281,False,True,False,True
32597,urn:mavedb:00000002-a-1#32598,c.64A>T,p.Asn22Tyr,-1.9143452357519604,2.4499175538557716e-60,9.727352121326508e-118,0.13962029206651885,-1.9220603944249577,0.14020352354414506,-1.906565485870864,False,True,False,True
32599,urn:mavedb:00000002-a-1#32600,c.50A>C,p.Gln17Pro,-1.9122001104835773,1.9712728980963168e-57,4.938013727799203e-112,0.22988611050970315,-1.9260766775368,0.2457613065011297,-1.8963408260568602,False,True,False,True
32852,urn:mavedb:00000002-a-1#32853,c.13C>A,p.Pro5Thr,-1.2111888089310583,5.469279099765499e-60,4.706690954991216e-117,0.12947476829802934,-1.2048105329912016,0.16389155744437628,-1.2214086980417609,False,True,False,True
33119,urn:mavedb:00000002-a-1#33120,c.68A>T,p.His23Leu,-2.445619051597674,2.835378741778032e-49,4.940323964821486e-96,0.4058711663428029,-2.4068867696938536,0.35342829818846505,-2.47498873899883,False,True,False,True
33284,urn:mavedb:00000002-a-1#33285,c.82A>T,p.Thr28Ser,-1.0232906949447602,6.723954136577307e-37,8.326655674808625e-72,0.0764190689712222,-1.032286305098682,0.12595717440150242,-0.9988522841645348,False,True,False,True
33447,urn:mavedb:00000002-a-1#33448,c.29T>C,p.Met10Thr,-0.1165669024871354,7.47310786956271e-24,2.824997789131007e-46,0.1247135577161779,-0.14711669386405998,0.16501579970512828,-0.0630819063776169,False,True,False,True
33898,urn:mavedb:00000002-a-1#33899,c.43T>G,p.Ser15Ala,0.11178938065131568,6.156173973226473e-22,1.4992986564201257e-42,0.07484335258817315,0.08704858395109039,0.06885829753090847,0.13273145878946302,False,True,False,True
34010,urn:mavedb:00000002-a-1#34011,c.62T>G,p.Leu21Arg,-0.6443643411276628,1.6436831985630505e-23,1.3090866179114375e-45,0.1467063776326985,-0.6931056491000556,0.10878469116335256,-0.6175643433716957,False,True,False,True
34099,urn:mavedb:00000002-a-1#34100,c.83C>A,p.Thr28Asn,-2.050399662224425,2.6061723429331806e-49,4.126029008801806e-96,0.3135065159204001,-2.0841664669919693,0.1972936679598948,-2.037026838572156,False,True,False,True
34211,urn:mavedb:00000002-a-1#34212,c.53G>A,p.Arg18His,0.06740625320556745,0.042761251824100815,8.405649811176613e-10,0.07534949022472304,-0.009129872899604765,0.016839708860880608,0.08894241435360728,False,True,False,True
34592,urn:mavedb:00000002-a-1#34593,c.44C>G,p.Ser15Cys,-1.03370974357516,5.5851651216258094e-61,5.443681157091494e-119,0.2014900032513852,-1.0441246789075325,0.21442483123833544,-1.02191469526965,False,True,False,True
34692,urn:mavedb:00000002-a-1#34693,c.85A>C,p.Thr29Pro,-1.9957109435595737,3.734189747979243e-54,1.3205004412529008e-105,0.2390158913616461,-1.9802549400353435,0.2926275199421882,-2.018878167034456,False,True,False,True
35271,urn:mavedb:00000002-a-1#35272,c.77A>T,p.Gln26Leu,-1.7840201611015114,1.1860904412133793e-47,7.274977480859113e-93,0.21466285760846168,-1.7627548569719615,0.20735917817432986,-1.8038630230681043,False,True,False,True
35388,urn:mavedb:00000002-a-1#35389,c.85A>G,p.Thr29Ala,-1.3173690910722315,4.377890100670121e-35,2.970824554031818e-68,0.09386006648187983,-1.3030216092444071,0.11848889322090392,-1.340233988320418,False,True,False,True
35733,urn:mavedb:00000002-a-1#35734,c.30G>C,p.Met10Ile,-0.6849206094801599,3.012749723602956e-41,2.4485684285996404e-80,0.07023260376558497,-0.672170449036797,0.020422707455245426,-0.6859987236236598,False,True,False,True
35814,urn:mavedb:00000002-a-1#35815,c.78G>T,p.Gln26His,-0.6008315395530325,0.09879609167317828,9.124645483638003e-16,0.05262858939044302,-0.6676073741960176,0.11367120123665984,-0.4799581112835174,False,True,False,True
35935,urn:mavedb:00000002-a-1#35936,c.65A>T,p.Asn22Ile,-2.9571771758076024,2.5133258502882565e-59,9.760885489504803e-116,0.3816036171601923,-2.9379286500534594,0.4715830551292226,-2.9865732199265977,False,True,False,True
36012,urn:mavedb:00000002-a-1#36013,c.60C>A,p.Phe20Leu,-2.080653613904228,3.052494111649565e-56,1.0733447353354489e-109,0.3129024827662623,-2.0597877123554755,0.3026194922384233,-2.100170608063179,False,True,False,True
36038,urn:mavedb:00000002-a-1#36039,c.50A>G,p.Gln17Arg,0.3658762364082537,7.850492585337705e-49,3.371612907919248e-95,0.0380174727934354,0.3634805349334101,0.07133257495866266,0.3743103999027895,False,True,False,True
36130,urn:mavedb:00000002-a-1#36131,c.67C>A,p.His23Asn,-1.9070201243598903,5.404569903479799e-60,4.641457892566799e-117,0.16818755905349264,-1.915465056829177,0.20464335404930767,-1.8945174264991835,False,True,False,True
36317,urn:mavedb:00000002-a-1#36318,c.65A>G,p.Asn22Ser,-0.8447618575542244,8.125230963406479e-41,1.744887543584592e-79,0.09494631235713684,-0.8591936652629889,0.07218033053938121,-0.8364211621149078,False,True,False,True
36322,urn:mavedb:00000002-a-1#36323,c.43T>A,p.Ser15Thr,-0.07268269647357442,3.686391117837594e-39,3.064307422007445e-76,0.09878746874187708,-0.05450641237177667,0.049821656618611036,-0.07730584360985526,False,True,False,True
36359,urn:mavedb:00000002-a-1#36360,c.46G>T,p.Gly16Cys,-1.4192185022145538,5.071635899894448e-61,4.51744522675175e-119,0.22169259796735266,-1.4074486540851714,0.2226462191787137,-1.4310898252435749,False,True,False,True
36422,urn:mavedb:00000002-a-1#36423,c.64A>G,p.Asn22Asp,-1.2480517394819202,2.1694620550089565e-125,2.710334505947191e-245,0.10042873586693134,-1.2477965150562855,0.1305078158177986,-1.2484827414821378,False,True,False,True
36602,urn:mavedb:00000002-a-1#36603,c.60C>G,p.Phe20Leu,-2.096146352931596,2.078572341880834e-52,3.538068100992168e-102,0.4015854143988585,-2.063287798293585,0.3596348805697824,-2.1224985122840714,False,True,False,True
36768,urn:mavedb:00000002-a-1#36769,c.77A>G,p.Gln26Arg,1.4803659207611193,7.399538585570676e-19,1.5240669410603606e-36,0.07078126808316318,1.5009422606242793,0.10324240158504784,1.4365887547432443,False,True,False,True
36920,urn:mavedb:00000002-a-1#36921,c.37A>T,p.Thr13Ser,-0.9017562668803236,1.2758629793117357e-15,2.9500942240244003e-30,0.08007478284155195,-0.935927677743858,0.07815254376816523,-0.8692057710957561,False,True,False,True
37245,urn:mavedb:00000002-a-1#37246,c.67C>G,p.His23Asp,-2.289619610528108,1.1281412878561343e-40,3.5475582958088604e-79,0.3920819626148181,-2.2429353860592904,0.4709697192585906,-2.3569796592055483,False,True,False,True
38039,urn:mavedb:00000002-a-1#38040,c.79A>C,p.Thr27Pro,-2.2260361156343267,1.6969559184618807e-61,5.3469599737624536e-120,0.27123573620473096,-2.238524479368479,0.3351575991264188,-2.206967908387976,False,True,False,True
38268,urn:mavedb:00000002-a-1#38269,c.8C>A,p.Pro3Gln,0.15453644464556118,0.12694739094400312,0.0,0.059661091367116274,0.05338152246132788,0.045180395467254136,0.2478860059383728,False,True,False,True
38290,urn:mavedb:00000002-a-1#38291,c.22T>C,p.Trp8Arg,-1.6961056588478407,7.122085297583839e-44,1.8527892074939723e-85,0.20257041637724746,-1.6744432688834534,0.2336352988931492,-1.7249214963285169,False,True,False,True
38379,urn:mavedb:00000002-a-1#38380,c.61C>G,p.Leu21Val,-0.4926455015285713,9.365550465435686e-28,6.419303844659256e-54,0.06417536639860423,-0.4756594573528652,0.05430171929575466,-0.5048068769753371,False,True,False,True
38408,urn:mavedb:00000002-a-1#38409,c.2A>T,p.Asp1Val,1.2115987802087576,9.818168240724591e-73,4.6751715953847986e-142,0.051059059569010745,1.2103972141745247,0.08413932510448642,1.2148616524451643,False,True,False,True
38466,urn:mavedb:00000002-a-1#38467,c.46G>C,p.Gly16Arg,-1.0540849183926913,5.2511788576216914e-55,2.688283474232229e-107,0.06097312924092465,-1.0506977884133648,0.09227272759092862,-1.0618420580667736,False,True,False,True
38815,urn:mavedb:00000002-a-1#38816,c.23G>C,p.Trp8Ser,-1.9672976830123208,6.451063411084647e-45,1.6994461373245766e-87,0.25986407185394755,-1.9439867668600384,0.36477816195426266,-2.0132306527633044,False,True,False,True
38891,urn:mavedb:00000002-a-1#38892,c.56A>C,p.Tyr19Ser,-2.1888759603352725,1.3430033691472191e-62,3.713481190285459e-122,0.3370372469685263,-2.1720373127828214,0.3261550520697626,-2.2046447960876105,False,True,False,True
39226,urn:mavedb:00000002-a-1#39227,c.93G>C,p.Gln31His,0.6102611520798409,0.03578008276420009,2.168404344971009e-19,0.01965271508301769,0.6403486240768599,0.01100092670835875,0.5849619989422394,False,True,False,True
39689,urn:mavedb:00000002-a-1#39690,c.58T>C,p.Phe20Leu,-2.0506726835299536,3.9316128483524027e-59,2.319419113534712e-115,0.3427443595401293,-2.0294779226692716,0.2930925972761118,-2.066171466143429,False,True,False,True
39782,urn:mavedb:00000002-a-1#39783,c.62T>C,p.Leu21Pro,-1.9753504371541195,1.682584683947757e-38,6.2539763476691135e-75,0.2149532019442511,-1.9439044321483605,0.2174758030442964,-2.00753884741754,False,True,False,True
39891,urn:mavedb:00000002-a-1#39892,c.41G>C,p.Ser14Thr,0.07369325618305794,0.031335433159823664,5.2041704279304207e-17,0.023267478485540657,0.047979039810516884,0.031687015561024545,0.1072180578042965,False,True,False,True
39978,urn:mavedb:00000002-a-1#39979,c.95A>C,p.Asp32Ala,-0.4573949694028393,1.8047371917169903e-30,3.1512528271428985e-59,0.07881427805540353,-0.4776797708250351,0.050720721577367636,-0.4489939535571548,False,True,False,True
40006,urn:mavedb:00000002-a-1#40007,c.88T>G,p.Trp30Gly,-2.6121393019118373,0.4832238084675899,0.0,0.02979531746929912,-2.9202733965861136,0.3327815192122463,-2.159588311539647,False,True,False,True
40034,urn:mavedb:00000002-a-1#40035,c.55T>G,p.Tyr19Asp,-2.2452743578843952,5.148905387847617e-53,2.272652441927162e-103,0.2699249660195389,-2.2267743441076204,0.3255612778040666,-2.2721866959626142,False,True,False,True
40045,urn:mavedb:00000002-a-1#40046,c.94G>C,p.Asp32His,-0.5326910272975344,6.394620417193069e-05,1.5349171265675032e-10,0.03914667141850855,-0.5623027630704973,0.03238675073672838,-0.5124230926075293,False,True,False,True
40427,urn:mavedb:00000002-a-1#40428,c.27A>T,p.Glu9Asp,0.31509165392117383,0.03409062601851396,0.0,0.028153825031059176,0.2822617071892233,0.020698895989404997,0.3418051679865943,False,True,False,True
40576,urn:mavedb:00000002-a-1#40577,c.89G>T,p.Trp30Leu,-2.3654386305701443,4.326730883230844e-53,1.6256323592007626e-103,0.36664300038839104,-2.336276970457776,0.3278628594709357,-2.3887576289294006,False,True,False,True
40643,urn:mavedb:00000002-a-1#40644,c.96C>G,p.Asp32Glu,-1.459096514587315,1.7817969131171384e-23,1.5547183753031433e-45,0.1739876426381044,-1.5094115961745214,0.17638142373202606,-1.4073874047914248,False,True,False,True
40680,urn:mavedb:00000002-a-1#40681,c.77A>C,p.Gln26Pro,-2.072354279499609,3.6281107143505273e-50,8.748515354922854e-98,0.3799250121343072,-2.1080175422945766,0.31381562962857423,-2.0480224680974284,False,True,False,True
41007,urn:mavedb:00000002-a-1#41008,c.17C>A,p.Ala6Asp,-0.3718487204350642,9.513818771560356e-06,1.074019563142316e-11,0.04190217472365667,-0.3396396450174501,0.03000996190579965,-0.3883697094893677,False,True,False,True
41106,urn:mavedb:00000002-a-1#41107,c.32C>T,p.Ala11Val,-2.041277374811367,3.4260912586044644e-67,3.633076232541492e-131,0.27176413374893105,-2.0524360196292757,0.25927806380050633,-2.031120532168325,False,True,False,True
41487,urn:mavedb:00000002-a-1#41488,c.29T>A,p.Met10Lys,0.1176073227180782,3.0779741357786314e-34,1.3037344469565648e-66,0.05081504246394581,0.1284348248211602,0.035647384107390746,0.11227889568946026,False,True,False,True
41564,urn:mavedb:00000002-a-1#41565,c.64A>C,p.Asn22His,-1.7456796866892603,9.779008922535006e-78,7.643579726824506e-152,0.26557889790054195,-1.7380653567945268,0.19153102752668688,-1.7496399388299793,False,True,False,True
41606,urn:mavedb:00000002-a-1#41607,c.74A>G,p.Asp25Gly,0.2767926172265913,3.989826730319076e-36,2.605217539986594e-70,0.015757989540130232,0.2756175640988747,0.04819993760579738,0.28778644272318665,False,True,False,True
41824,urn:mavedb:00000002-a-1#41825,c.30G>T,p.Met10Ile,-0.4800961634469436,1.9916726450574716e-57,4.674401132551824e-112,0.029375473534907593,-0.4785263988824786,0.04098623432702322,-0.4831520751815929,False,True,False,True
41940,urn:mavedb:00000002-a-1#41941,c.49C>A,p.Gln17Lys,-1.867997714747387,2.330310543286166e-57,6.928766748542355e-112,0.3125317051334679,-1.8484665617430367,0.3111525955020811,-1.88735687770162,False,True,False,True
41977,urn:mavedb:00000002-a-1#41978,c.3C>A,p.Asp1Glu,0.5090954010177621,1.4195103097768848e-19,5.948414876252347e-38,0.06969035486625122,0.5425808502771751,0.021592703887870046,0.505880816591938,False,True,False,True
42007,urn:mavedb:00000002-a-1#42008,c.76C>A,p.Gln26Lys,1.2185091531227654,9.225535329300156e-103,6.257092542417103e-201,0.06877227409270888,1.2180191296261795,0.08910789755274078,1.2193318171890422,False,True,False,True
42392,urn:mavedb:00000002-a-1#42393,c.55T>A,p.Tyr19Asn,-2.0655786381521666,4.679941329358188e-39,5.105394807558061e-76,0.22552283169283066,-2.0329485324848733,0.22153613497381272,-2.097065298352952,False,True,False,True
42682,urn:mavedb:00000002-a-1#42683,c.98C>G,p.Pro33Arg,-1.4578763072532444,2.635471767228894e-44,2.6158288359397956e-86,0.1781447203553538,-1.4787505691978646,0.16748117597745507,-1.4394262711316772,False,True,False,True
42719,urn:mavedb:00000002-a-1#42720,c.73G>C,p.Asp25His,0.6387811014207582,7.746967579927253e-15,9.55133826203424e-29,0.030978288025403405,0.6317214149295172,0.07855381552395413,0.6841758021632427,False,True,False,True
43414,urn:mavedb:00000002-a-1#43415,c.73G>T,p.Asp25Tyr,0.02355802134481475,1.319250502027392e-60,2.7928196790072853e-118,0.05830930314470295,0.020329936435547147,0.05890938766822209,0.02685289119405709,False,True,False,True
43584,urn:mavedb:00000002-a-1#43585,c.86C>G,p.Thr29Arg,-1.091401716814779,4.0862950878080785e-36,2.8846010321710142e-70,0.11253686417389264,-1.1069187074639912,0.15422575115478476,-1.0622588905091117,False,True,False,True
43735,urn:mavedb:00000002-a-1#43736,c.7C>T,p.Pro3Ser,0.4306658053355063,6.1261767426893175e-06,4.3880373868417755e-12,0.02429170343025919,0.44817036009623296,0.020672444203271027,0.4179887380152447,False,True,False,True
43792,urn:mavedb:00000002-a-1#43793,c.74A>T,p.Asp25Val,-0.03406987053480697,0.005721805559759236,3.721631064633658e-06,0.03569901317519945,-0.06087997938954093,0.036528674316958505,-0.006027187679388035,False,True,False,True
43874,urn:mavedb:00000002-a-1#43875,c.5T>C,p.Val2Ala,0.5316282876133965,2.1101377504760113e-19,1.2733083096534327e-37,0.04493735659474797,0.5489550335933964,0.03872820079103289,0.5187589377574753,False,True,False,True
43976,urn:mavedb:00000002-a-1#43977,c.32C>A,p.Ala11Asp,-1.3867901558998252,4.308251239029396e-32,2.1855753452435967e-62,0.17553756780450974,-1.4263295523497694,0.12933017301752364,-1.3653271967167986,False,True,False,True
43982,urn:mavedb:00000002-a-1#43983,c.94G>A,p.Asp32Asn,-0.8663278759278603,3.9046932386763165e-12,1.5567262425567454e-23,0.04110322304765929,-0.8821517391601121,0.06285595611091074,-0.8293234527488451,False,True,False,True
44147,urn:mavedb:00000002-a-1#44148,c.28A>T,p.Met10Leu,-0.5188256473807521,2.383487470976103e-25,3.046861844226534e-49,0.01938615173921949,-0.5252848801428143,0.012497810199146107,-0.516141134023802,False,True,False,True
44157,urn:mavedb:00000002-a-1#44158,c.38C>G,p.Thr13Ser,-1.0666674287329962,4.094185824215092e-34,2.326459642432585e-66,0.07692880145985417,-1.0514941017377597,0.06561937083665527,-1.077707376250502,False,True,False,True
44306,urn:mavedb:00000002-a-1#44307,c.71T>G,p.Ile24Ser,-0.31335325825468896,9.219489414338263e-51,5.5705540377168555e-99,0.05440694908507485,-0.31747470411999457,0.0692290030708077,-0.30668032149937563,False,True,False,True
44385,urn:mavedb:00000002-a-1#44386,c.16G>A,p.Ala6Thr,0.11579866320373446,6.448007848208678e-28,3.066720873097113e-54,0.04694905350597106,0.1047612895293164,0.050568909634255664,0.12860365316603595,False,True,False,True
44572,urn:mavedb:00000002-a-1#44573,c.22T>A,p.Trp8Arg,-1.8017345228399533,2.8735808947035887e-43,2.8700148466597633e-84,0.250460540213398,-1.8305639475605904,0.2639735723148043,-1.7697103257615248,False,True,False,True
44763,urn:mavedb:00000002-a-1#44764,c.34A>G,p.Lys12Glu,-0.2761811949756874,2.7145602886826942e-09,3.681378727079778e-18,0.0068571945473369965,-0.2776649436171512,0.024953939906569383,-0.25653196019670466,False,True,False,True
44928,urn:mavedb:00000002-a-1#44929,c.26A>G,p.Glu9Gly,1.2642215720598835,8.30112203258383e-62,1.2604577656335546e-120,0.10564089029407547,1.2585148751145874,0.09815247760355343,1.2691478990832783,False,True,False,True
44999,urn:mavedb:00000002-a-1#45000,c.36A>C,p.Lys12Asn,-0.6187450813348404,2.398472257040218e-34,8.216669130348139e-67,0.05931576735618815,-0.6264161296901176,0.10122253015905566,-0.5964058208842493,False,True,False,True
45032,urn:mavedb:00000002-a-1#45033,c.91C>G,p.Gln31Glu,-1.0852943563607746,5.332148178004617e-15,4.7012177859867166e-29,0.06721493517699206,-1.1114006038460764,0.0822709940063145,-1.0461826853154914,False,True,False,True
45184,urn:mavedb:00000002-a-1#45185,c.79A>T,p.Thr27Ser,-0.4073871781220888,0.09290397850901456,1.7347234759768067e-18,0.02472971616212833,-0.4750177989266518,0.028343267479299394,-0.3383532529812259,False,True,False,True
45252,urn:mavedb:00000002-a-1#45253,c.72C>G,p.Ile24Met,-0.08408413128333607,0.020123019645703063,0.0,0.0053752444125366216,-0.09827013142038643,0.00982156245634704,-0.06768863078844989,False,True,False,True
45258,urn:mavedb:00000002-a-1#45259,c.10C>A,p.Leu4Met,-0.014870118199015932,1.0734453779122171e-57,1.4329396587986798e-112,0.027543877112793973,-0.015509127293113156,0.1024003260012966,-0.006038107769663181,False,True,False,True
46332,urn:mavedb:00000002-a-1#46333,c.83C>G,p.Thr28Ser,-1.0395940109141244,3.574173232620419e-11,1.1364684852592174e-21,0.08673685291634148,-1.0838031940397252,0.08833011658493435,-0.9937457595445568,False,True,False,True
46733,urn:mavedb:00000002-a-1#46734,c.97C>G,p.Pro33Ala,-2.163009585611692,1.0283701826165332e-89,2.5142783863223585e-175,0.27608261949446616,-2.159080892290948,0.28641822811452755,-2.167237939247177,False,True,False,True
46883,urn:mavedb:00000002-a-1#46884,c.95A>G,p.Asp32Gly,-1.4819141230276631,4.7496358090749395e-24,1.168996620988604e-46,0.15604363561423373,-1.5264411339145718,0.15499806882561734,-1.4379818174616752,False,True,False,True
47372,urn:mavedb:00000002-a-1#47373,c.47G>T,p.Gly16Val,-2.1198553568137766,1.3661099299935675e-114,4.2105978609454265e-224,0.3239183445614869,-2.118251212764984,0.2910120169403105,-2.121150131266943,False,True,False,True
47872,urn:mavedb:00000002-a-1#47873,c.75C>A,p.Asp25Glu,0.3818182681129192,0.0887260069376331,0.0,0.01920246344120671,0.3186700597187868,0.03029395932044304,0.4491731906686356,False,True,False,True
