,accession,hgvs_nt,hgvs_pro,score,std,epsilon,activity_score,stop,single_aa,syn,aa_num,possible
0,urn:mavedb:00000041-b-1#1,,p.Ser11Tyr,-0.9804223959999999,0.350921995,2.94e-57,0.9804223959999999,False,True,False,11,False
1,urn:mavedb:00000041-b-1#2,,p.Ser11Trp,0.094043494,0.056362418,2.0099999999999998e-08,-0.094043494,False,True,False,11,False
3,urn:mavedb:00000041-b-1#4,,p.Ser11Pro,-0.070028142,0.11206046300000001,0.0,0.070028142,False,True,False,11,False
4,urn:mavedb:00000041-b-1#5,,p.Ser11Phe,-0.31623721,0.052664388,8.39e-28,0.31623721,False,True,False,11,False
5,urn:mavedb:00000041-b-1#6,,p.Ser11Met,-0.5413286279999999,0.23461101899999998,6.529999999999997e-34,0.5413286279999999,False,True,False,11,False
6,urn:mavedb:00000041-b-1#7,,p.Ser11Lys,0.246271335,0.118280531,5.870000000000001e-09,-0.246271335,False,True,False,11,False
7,urn:mavedb:00000041-b-1#8,,p.Ser11Leu,0.493856426,0.123823702,5.529999999999998e-55,-0.493856426,False,True,False,11,False
9,urn:mavedb:00000041-b-1#10,,p.Ser11His,0.40514104,0.175857197,0.0,-0.40514104,False,True,False,11,False
11,urn:mavedb:00000041-b-1#12,,p.Ser11Glu,0.48275327,0.13029781099999999,4.9e-57,-0.48275327,False,True,False,11,False
13,urn:mavedb:00000041-b-1#14,,p.Ser11Asp,-0.396230818,0.14206476,1.96e-17,0.396230818,False,True,False,11,False
16,urn:mavedb:00000041-b-1#17,,p.Ser11Ala,0.355530255,0.133263103,2.9499999999999996e-93,-0.355530255,False,True,False,11,False
17,urn:mavedb:00000041-b-1#18,,p.Pro7Val,-0.144650912,0.13351549199999999,1.0900000000000001e-39,0.144650912,False,True,False,7,False
18,urn:mavedb:00000041-b-1#19,,p.Pro7Trp,0.0006608730000000001,0.037691982,7.29e-11,-0.0006608730000000001,False,True,False,7,False
21,urn:mavedb:00000041-b-1#22,,p.Pro7Met,-0.291304894,0.202435831,2.3999999999999996e-44,0.291304894,False,True,False,7,False
22,urn:mavedb:00000041-b-1#23,,p.Pro7Lys,-0.584593272,0.28031082399999996,1.76e-32,0.584593272,False,True,False,7,False
25,urn:mavedb:00000041-b-1#26,,p.Pro7Glu,0.112168782,0.026087744,6.9e-19,-0.112168782,False,True,False,7,False
26,urn:mavedb:00000041-b-1#27,,p.Pro7Gln,-0.32562450800000003,0.198701989,1.27e-26,0.32562450800000003,False,True,False,7,False
27,urn:mavedb:00000041-b-1#28,,p.Pro7Cys,-1.062749087,0.5875083729999999,3.739999999999999e-46,1.062749087,False,True,False,7,False
30,urn:mavedb:00000041-b-1#31,,p.Lys8Trp,-0.457529565,0.17027239,1.43e-38,0.457529565,False,True,False,8,False
32,urn:mavedb:00000041-b-1#33,,p.Lys8Ser,-0.41235059799999996,0.17787370100000002,1.9999999999999996e-63,0.41235059799999996,False,True,False,8,False
33,urn:mavedb:00000041-b-1#34,,p.Lys8Phe,-1.076520792,0.5857848210000001,1.28e-55,1.076520792,False,True,False,8,False
34,urn:mavedb:00000041-b-1#35,,p.Lys8Leu,0.061622708,0.054450909000000006,2.6000000000000004e-18,-0.061622708,False,True,False,8,False
35,urn:mavedb:00000041-b-1#36,,p.Lys8His,-0.6494731460000001,0.500292485,2.3e-10,0.6494731460000001,False,True,False,8,False
36,urn:mavedb:00000041-b-1#37,,p.Lys8Gly,0.482541981,0.088030712,2.25e-09,-0.482541981,False,True,False,8,False
39,urn:mavedb:00000041-b-1#40,,p.Lys8Cys,-0.84388479,0.30699954,3.16e-30,0.84388479,False,True,False,8,False
40,urn:mavedb:00000041-b-1#41,,p.Lys8Asp,-0.20960049600000005,0.23129192,3.629999999999997e-101,0.20960049600000005,False,True,False,8,False
43,urn:mavedb:00000041-b-1#44,,p.Lys8Ala,-0.450194462,0.17701587,2.2399999999999997e-53,0.450194462,False,True,False,8,False
44,urn:mavedb:00000041-b-1#45,,p.Lys6Tyr,0.272420394,0.043350698,4.78e-36,-0.272420394,False,True,False,6,False
46,urn:mavedb:00000041-b-1#47,,p.Lys6Phe,-0.419844175,0.23042843699999999,1.1699999999999994e-82,0.419844175,False,True,False,6,False
48,urn:mavedb:00000041-b-1#49,,p.Lys6Leu,0.079623944,0.074240952,7.149999999999999e-10,-0.079623944,False,True,False,6,False
49,urn:mavedb:00000041-b-1#50,,p.Lys6Ile,-0.167844966,0.12266623900000001,7.359999999999995e-144,0.167844966,False,True,False,6,False
50,urn:mavedb:00000041-b-1#51,,p.Lys6Cys,0.377662286,0.076249971,8.400000000000001e-14,-0.377662286,False,True,False,6,False
51,urn:mavedb:00000041-b-1#52,,p.Lys4Val,-0.5948348410000001,0.318257232,4.63e-47,0.5948348410000001,False,True,False,4,False
53,urn:mavedb:00000041-b-1#54,,p.Lys4Ser,-0.357989713,0.153865573,7.37e-71,0.357989713,False,True,False,4,False
55,urn:mavedb:00000041-b-1#56,,p.Lys4Leu,0.580921775,0.140082471,1.01e-29,-0.580921775,False,True,False,4,False
56,urn:mavedb:00000041-b-1#57,,p.Lys4His,-0.11106969300000001,0.053349090999999994,1.55e-16,0.11106969300000001,False,True,False,4,False
57,urn:mavedb:00000041-b-1#58,,p.Lys4Gly,0.290065019,0.098102551,1.319999999999999e-65,-0.290065019,False,True,False,4,False
59,urn:mavedb:00000041-b-1#60,,p.Lys4Cys,-0.093571469,0.055020172,0.0,0.093571469,False,True,False,4,False
60,urn:mavedb:00000041-b-1#61,,p.Lys4Asp,-0.726767424,0.375175899,3.31e-73,0.726767424,False,True,False,4,False
62,urn:mavedb:00000041-b-1#63,,p.Lys4Ala,-0.447224158,0.20391200199999998,5.4699999999999955e-101,0.447224158,False,True,False,4,False
64,urn:mavedb:00000041-b-1#65,,p.Leu17Tyr,-0.188308632,0.171277283,3.15e-22,0.188308632,False,True,False,17,False
65,urn:mavedb:00000041-b-1#66,,p.Leu17Trp,0.06268715799999999,0.125252683,0.0,-0.06268715799999999,False,True,False,17,False
66,urn:mavedb:00000041-b-1#67,,p.Leu17Thr,-0.033753706,0.146512632,1.3800000000000002e-07,0.033753706,False,True,False,17,False
67,urn:mavedb:00000041-b-1#68,,p.Leu17Ser,0.17642250399999998,0.16503642,6.25e-17,-0.17642250399999998,False,True,False,17,False
69,urn:mavedb:00000041-b-1#70,,p.Leu17Phe,-0.087410277,0.056732881,4.86e-27,0.087410277,False,True,False,17,False
71,urn:mavedb:00000041-b-1#72,,p.Leu17Lys,-0.3819749770000001,0.067792616,2.78e-12,0.3819749770000001,False,True,False,17,False
72,urn:mavedb:00000041-b-1#73,,p.Leu17His,-0.12322739999999999,0.18132441800000001,1.39e-17,0.12322739999999999,False,True,False,17,False
73,urn:mavedb:00000041-b-1#74,,p.Leu17Gly,0.595351359,0.159707872,5.579999999999999e-09,-0.595351359,False,True,False,17,False
74,urn:mavedb:00000041-b-1#75,,p.Leu17Glu,-0.419176667,0.076699123,8.319999999999996e-69,0.419176667,False,True,False,17,False
76,urn:mavedb:00000041-b-1#77,,p.Leu17Cys,0.147000092,0.200558685,0.0,-0.147000092,False,True,False,17,False
77,urn:mavedb:00000041-b-1#78,,p.Leu17Asp,-0.233148816,0.10091916699999999,5.9299999999999994e-86,0.233148816,False,True,False,17,False
78,urn:mavedb:00000041-b-1#79,,p.Leu17Asn,-0.613754944,0.31255854899999996,8.049999999999997e-42,0.613754944,False,True,False,17,False
80,urn:mavedb:00000041-b-1#81,,p.Leu17Ala,0.074531545,0.03349771,1.9399999999999996e-45,-0.074531545,False,True,False,17,False
82,urn:mavedb:00000041-b-1#83,,p.Gly1Trp,-1.227959669,0.40327755299999996,3.32e-56,1.227959669,False,True,False,1,False
84,urn:mavedb:00000041-b-1#85,,p.Gly1Pro,-0.32680676399999997,0.187878513,7.549999999999999e-42,0.32680676399999997,False,True,False,1,False
85,urn:mavedb:00000041-b-1#86,,p.Gly1Lys,-0.595823176,0.291818737,5.0300000000000006e-45,0.595823176,False,True,False,1,False
86,urn:mavedb:00000041-b-1#87,,p.Gly1Ile,0.550590871,0.196968237,0.0,-0.550590871,False,True,False,1,False
87,urn:mavedb:00000041-b-1#88,,p.Gly1His,-0.851531755,0.315875977,3.489999999999997e-149,0.851531755,False,True,False,1,False
88,urn:mavedb:00000041-b-1#89,,p.Gly1Glu,-0.915227297,0.392218067,2.2899999999999987e-95,0.915227297,False,True,False,1,False
89,urn:mavedb:00000041-b-1#90,,p.Gly1Gln,0.17125345,0.204106357,1.39e-17,-0.17125345,False,True,False,1,False
92,urn:mavedb:00000041-b-1#93,,p.Glu18Tyr,0.08410506,0.102631266,0.0,-0.08410506,False,True,False,18,False
93,urn:mavedb:00000041-b-1#94,,p.Glu18Trp,0.26480048,0.07762936599999999,9.399999999999993e-83,-0.26480048,False,True,False,18,False
94,urn:mavedb:00000041-b-1#95,,p.Glu18Thr,0.001305346,0.036289597,1.6499999999999984e-135,-0.001305346,False,True,False,18,False
95,urn:mavedb:00000041-b-1#96,,p.Glu18Ser,0.016764263,0.041637253,2.28e-77,-0.016764263,False,True,False,18,False
96,urn:mavedb:00000041-b-1#97,,p.Glu18Pro,0.13983566,0.067762962,1.67e-50,-0.13983566,False,True,False,18,False
97,urn:mavedb:00000041-b-1#98,,p.Glu18Phe,-0.179739596,0.048006232,4.36e-61,0.179739596,False,True,False,18,False
98,urn:mavedb:00000041-b-1#99,,p.Glu18Met,-0.079880634,0.018920698,1.6999999999999999e-35,0.079880634,False,True,False,18,False
100,urn:mavedb:00000041-b-1#101,,p.Glu18Leu,0.565554358,0.12398624,2.4199999999999997e-36,-0.565554358,False,True,False,18,False
101,urn:mavedb:00000041-b-1#102,,p.Glu18Ile,-0.12501273599999999,0.066633363,3.47e-18,0.12501273599999999,False,True,False,18,False
102,urn:mavedb:00000041-b-1#103,,p.Glu18His,0.081853713,0.065324966,8.670000000000001e-19,-0.081853713,False,True,False,18,False
105,urn:mavedb:00000041-b-1#106,,p.Glu18Cys,0.231610032,0.05814222700000001,8.39e-22,-0.231610032,False,True,False,18,False
107,urn:mavedb:00000041-b-1#108,,p.Glu18Asn,0.124001179,0.18233483399999997,6.94e-18,-0.124001179,False,True,False,18,False
108,urn:mavedb:00000041-b-1#109,,p.Glu18Arg,0.514181504,0.14472601300000001,8.059999999999996e-72,-0.514181504,False,True,False,18,False
109,urn:mavedb:00000041-b-1#110,,p.Gln12Val,0.379122481,0.163650922,1.24e-43,-0.379122481,False,True,False,12,False
110,urn:mavedb:00000041-b-1#111,,p.Gln12Tyr,-0.19109412,0.023892032,1.849999999999998e-235,0.19109412,False,True,False,12,False
111,urn:mavedb:00000041-b-1#112,,p.Gln12Thr,0.22649553,0.084254576,1.1899999999999991e-94,-0.22649553,False,True,False,12,False
112,urn:mavedb:00000041-b-1#113,,p.Gln12Ser,0.42388644600000003,0.171604935,2.639999999999998e-161,-0.42388644600000003,False,True,False,12,False
114,urn:mavedb:00000041-b-1#115,,p.Gln12Phe,0.303872032,0.08455621699999999,3.83e-27,-0.303872032,False,True,False,12,False
115,urn:mavedb:00000041-b-1#116,,p.Gln12Met,0.161248644,0.045167424000000005,7.609999999999994e-176,-0.161248644,False,True,False,12,False
118,urn:mavedb:00000041-b-1#119,,p.Gln12Ile,-0.347176675,0.107292506,3.5e-44,0.347176675,False,True,False,12,False
121,urn:mavedb:00000041-b-1#122,,p.Gln12Cys,0.558205284,0.166532245,3.1099999999999973e-106,-0.558205284,False,True,False,12,False
122,urn:mavedb:00000041-b-1#123,,p.Gln12Asp,-0.312921374,0.161519125,4.8799999999999996e-32,0.312921374,False,True,False,12,False
123,urn:mavedb:00000041-b-1#124,,p.Gln12Asn,-0.21914770100000008,0.081921656,1.1299999999999993e-50,0.21914770100000008,False,True,False,12,False
124,urn:mavedb:00000041-b-1#125,,p.Gln12Ala,0.366721907,0.11519214900000001,8.939999999999998e-44,-0.366721907,False,True,False,12,False
127,urn:mavedb:00000041-b-1#128,,p.Asp9Trp,0.514433959,0.159197549,1.7399999999999986e-81,-0.514433959,False,True,False,9,False
128,urn:mavedb:00000041-b-1#129,,p.Asp9Thr,-0.186050524,0.080934878,5.26e-19,0.186050524,False,True,False,9,False
129,urn:mavedb:00000041-b-1#130,,p.Asp9Ser,-0.412026794,0.074566335,5.879999999999996e-66,0.412026794,False,True,False,9,False
130,urn:mavedb:00000041-b-1#131,,p.Asp9Pro,-0.022364062,0.11368619699999999,4.4799999999999966e-91,0.022364062,False,True,False,9,False
131,urn:mavedb:00000041-b-1#132,,p.Asp9Phe,-0.58046846,0.084768916,2.21e-17,0.58046846,False,True,False,9,False
132,urn:mavedb:00000041-b-1#133,,p.Asp9Met,-0.7190275190000001,0.312931117,7.39e-99,0.7190275190000001,False,True,False,9,False
133,urn:mavedb:00000041-b-1#134,,p.Asp9Lys,-0.24605395,0.199531865,0.0,0.24605395,False,True,False,9,False
134,urn:mavedb:00000041-b-1#135,,p.Asp9Leu,-0.737819577,0.24047927,5.839999999999999e-44,0.737819577,False,True,False,9,False
135,urn:mavedb:00000041-b-1#136,,p.Asp9Ile,-0.194515363,0.05687929200000001,1.7399999999999986e-75,0.194515363,False,True,False,9,False
138,urn:mavedb:00000041-b-1#139,,p.Asp9Gln,-0.575126227,0.162631613,4.9999999999999964e-99,0.575126227,False,True,False,9,False
139,urn:mavedb:00000041-b-1#140,,p.Asp9Cys,-0.782919735,0.192203336,4.59e-72,0.782919735,False,True,False,9,False
141,urn:mavedb:00000041-b-1#142,,p.Asp9Arg,0.161402579,0.020413203,6.91e-12,-0.161402579,False,True,False,9,False
146,urn:mavedb:00000041-b-1#147,,p.Asn3Phe,-0.18800160100000002,0.138725845,6.339999999999995e-119,0.18800160100000002,False,True,False,3,False
147,urn:mavedb:00000041-b-1#148,,p.Asn3Met,0.292566537,0.062696446,2.7599999999999997e-38,-0.292566537,False,True,False,3,False
150,urn:mavedb:00000041-b-1#151,,p.Asn3Gln,0.418224802,0.141857455,1.66e-99,-0.418224802,False,True,False,3,False
152,urn:mavedb:00000041-b-1#153,,p.Asn3Ala,0.610487419,0.20234172,6.239999999999997e-59,-0.610487419,False,True,False,3,False
153,urn:mavedb:00000041-b-1#154,,p.Arg15Val,0.166473738,0.045793553,2.01e-05,-0.166473738,False,True,False,15,False
154,urn:mavedb:00000041-b-1#155,,p.Arg15Tyr,-0.425819851,0.159627795,1.3599999999999991e-59,0.425819851,False,True,False,15,False
155,urn:mavedb:00000041-b-1#156,,p.Arg15Trp,-0.154697681,0.140480319,3.47e-18,0.154697681,False,True,False,15,False
156,urn:mavedb:00000041-b-1#157,,p.Arg15Thr,-0.096390191,0.080132435,9.999999999999999e-84,0.096390191,False,True,False,15,False
159,urn:mavedb:00000041-b-1#160,,p.Arg15Phe,-0.10166634199999999,0.082660746,1.649999999999999e-77,0.10166634199999999,False,True,False,15,False
160,urn:mavedb:00000041-b-1#161,,p.Arg15Met,0.014097181,0.043822172,9.3e-13,-0.014097181,False,True,False,15,False
161,urn:mavedb:00000041-b-1#162,,p.Arg15Lys,-0.020374313999999998,0.052835185,2.05e-52,0.020374313999999998,False,True,False,15,False
163,urn:mavedb:00000041-b-1#164,,p.Arg15Ile,-0.3692413020000001,0.142785515,1.1000000000000001e-27,0.3692413020000001,False,True,False,15,False
166,urn:mavedb:00000041-b-1#167,,p.Arg15Glu,-0.214089152,0.089439395,5.809999999999999e-44,0.214089152,False,True,False,15,False
167,urn:mavedb:00000041-b-1#168,,p.Arg15Gln,0.106711117,0.045401504,7.11e-16,-0.106711117,False,True,False,15,False
169,urn:mavedb:00000041-b-1#170,,p.Arg15Asp,-0.289887205,0.15436102699999998,6.94e-18,0.289887205,False,True,False,15,False
170,urn:mavedb:00000041-b-1#171,,p.Arg15Asn,-0.128723048,0.069944677,3.369999999999998e-80,0.128723048,False,True,False,15,False
171,urn:mavedb:00000041-b-1#172,,p.Arg15Ala,-0.169161956,0.065169117,9.820000000000001e-24,0.169161956,False,True,False,15,False
172,urn:mavedb:00000041-b-1#173,,p.Arg14Val,-0.018793085,0.068472317,9.38e-38,0.018793085,False,True,False,14,False
173,urn:mavedb:00000041-b-1#174,,p.Arg14Trp,0.285287305,0.062835264,3.65e-17,-0.285287305,False,True,False,14,False
174,urn:mavedb:00000041-b-1#175,,p.Arg14Thr,-0.640077288,0.269158597,1.0599999999999996e-108,0.640077288,False,True,False,14,False
177,urn:mavedb:00000041-b-1#178,,p.Arg14Phe,-0.7530216479999999,0.16714544,4.829999999999997e-114,0.7530216479999999,False,True,False,14,False
179,urn:mavedb:00000041-b-1#180,,p.Ser5Pro,1.482078376,0.391750662,9.800000000000001e-26,-1.482078376,False,True,False,5,False
180,urn:mavedb:00000041-b-1#181,,p.Ser5Leu,0.7648162390000001,0.09874947699999999,1.26e-09,-0.7648162390000001,False,True,False,5,False
181,urn:mavedb:00000041-b-1#182,,p.Ser5Gln,1.226886065,0.296730923,1.34e-21,-1.226886065,False,True,False,5,False
183,urn:mavedb:00000041-b-1#184,,p.Ser5Ala,1.056618398,0.252992982,4.799999999999999e-23,-1.056618398,False,True,False,5,False
184,urn:mavedb:00000041-b-1#185,,p.Ser2Val,1.067701495,0.28142018399999996,5.4e-53,-1.067701495,False,True,False,2,False
187,urn:mavedb:00000041-b-1#188,,p.Ser2Glu,1.4851237519999998,0.407885156,6.97e-31,-1.4851237519999998,False,True,False,2,False
188,urn:mavedb:00000041-b-1#189,,p.Ser2Asp,1.534703665,0.377735561,4.2800000000000015e-28,-1.534703665,False,True,False,2,False
189,urn:mavedb:00000041-b-1#190,,p.Ser16Tyr,0.914020765,0.066994416,1.89e-05,-0.914020765,False,True,False,16,False
193,urn:mavedb:00000041-b-1#194,,p.Ser11Gln,0.65832146,0.197019773,2.86e-51,-0.65832146,False,True,False,11,False
195,urn:mavedb:00000041-b-1#196,,p.Pro7Gly,1.066196435,0.30961676899999996,2.08e-54,-1.066196435,False,True,False,7,False
196,urn:mavedb:00000041-b-1#197,,p.Lys8Val,0.786174775,0.184153039,3.21e-41,-0.786174775,False,True,False,8,False
198,urn:mavedb:00000041-b-1#199,,p.Lys8Pro,1.4452546430000002,0.331532538,3.68e-21,-1.4452546430000002,False,True,False,8,False
200,urn:mavedb:00000041-b-1#201,,p.Lys6Val,0.902873967,0.206655058,3.3999999999999996e-36,-0.902873967,False,True,False,6,False
201,urn:mavedb:00000041-b-1#202,,p.Lys6Trp,0.8376328129999999,0.194391843,1.76e-25,-0.8376328129999999,False,True,False,6,False
203,urn:mavedb:00000041-b-1#204,,p.Lys6Ser,0.70988166,0.119654631,8.79e-21,-0.70988166,False,True,False,6,False
204,urn:mavedb:00000041-b-1#205,,p.Lys6Pro,1.4122634680000001,0.387951989,6.93e-26,-1.4122634680000001,False,True,False,6,False
205,urn:mavedb:00000041-b-1#206,,p.Lys6His,0.9711737770000001,0.289678516,4.11e-40,-0.9711737770000001,False,True,False,6,False
206,urn:mavedb:00000041-b-1#207,,p.Lys6Gly,1.405508255,0.373247394,6.1e-29,-1.405508255,False,True,False,6,False
209,urn:mavedb:00000041-b-1#210,,p.Lys6Asp,1.34301376,0.35612986700000004,1.27e-26,-1.34301376,False,True,False,6,False
212,urn:mavedb:00000041-b-1#213,,p.Lys6Ala,0.7867116829999999,0.141361362,1.0600000000000001e-16,-0.7867116829999999,False,True,False,6,False
213,urn:mavedb:00000041-b-1#214,,p.Lys4Trp,0.8920631179999999,0.31665979899999996,7.41e-58,-0.8920631179999999,False,True,False,4,False
215,urn:mavedb:00000041-b-1#216,,p.Lys4Pro,1.494514979,0.459982632,2.74e-23,-1.494514979,False,True,False,4,False
218,urn:mavedb:00000041-b-1#219,,p.Leu17Ile,1.1652237029999999,0.195038751,0.00023752099999999998,-1.1652237029999999,False,True,False,17,False
219,urn:mavedb:00000041-b-1#220,,p.Gly1Thr,1.226573097,0.22803037,1.9300000000000002e-15,-1.226573097,False,True,False,1,False
222,urn:mavedb:00000041-b-1#223,,p.Gly1Asn,1.4081931419999998,0.402977769,6.07e-32,-1.4081931419999998,False,True,False,1,False
226,urn:mavedb:00000041-b-1#227,,p.Gln12Trp,0.894640165,0.325552171,6.03e-58,-0.894640165,False,True,False,12,False
228,urn:mavedb:00000041-b-1#229,,p.Gln12Gly,0.760343595,0.25079946399999997,9.62e-33,-0.760343595,False,True,False,12,False
232,urn:mavedb:00000041-b-1#233,,p.Asn3Val,0.9719019990000001,0.23530488300000002,1.0499999999999999e-30,-0.9719019990000001,False,True,False,3,False
233,urn:mavedb:00000041-b-1#234,,p.Asn3Trp,0.981765797,0.34482793,1.86e-57,-0.981765797,False,True,False,3,False
235,urn:mavedb:00000041-b-1#236,,p.Asn3Pro,0.9264054759999999,0.149497716,1.51e-14,-0.9264054759999999,False,True,False,3,False
237,urn:mavedb:00000041-b-1#238,,p.Asn3Leu,0.6810123709999999,0.127089169,3.95e-17,-0.6810123709999999,False,True,False,3,False
238,urn:mavedb:00000041-b-1#239,,p.Asn3Gly,1.092309859,0.37859453299999996,8.3e-57,-1.092309859,False,True,False,3,False
239,urn:mavedb:00000041-b-1#240,,p.Asn3Glu,0.8484443000000002,0.335382448,3.799999999999996e-157,-0.8484443000000002,False,True,False,3,False
240,urn:mavedb:00000041-b-1#241,,p.Asn3Cys,1.292867858,0.419576005,1.6899999999999992e-49,-1.292867858,False,True,False,3,False
241,urn:mavedb:00000041-b-1#242,,p.Asn3Arg,0.976648196,0.22939347699999998,7.99e-18,-0.976648196,False,True,False,3,False
244,urn:mavedb:00000041-b-1#245,,p.Arg13Tyr,0.8085883770000001,0.198816117,6.94e-18,-0.8085883770000001,False,True,False,13,False
247,urn:mavedb:00000041-b-1#248,,p.Ala10Lys,0.761499794,0.25263900300000003,1.3199999999999993e-97,-0.761499794,False,True,False,10,False
248,urn:mavedb:00000041-b-1#249,,p.Ala10His,0.80212373,0.25783292,2.2899999999999996e-66,-0.80212373,False,True,False,10,False
250,urn:mavedb:00000041-b-1#251,,p.Ala10Glu,0.67854636,0.160714263,7.76e-10,-0.67854636,False,True,False,10,False
251,urn:mavedb:00000041-b-1#252,,p.Ala10Gln,1.055302947,0.325936574,1.4199999999999992e-62,-1.055302947,False,True,False,10,False
252,urn:mavedb:00000041-b-1#253,,p.Ala10Arg,0.848504113,0.30182118199999997,8.449999999999993e-62,-0.848504113,False,True,False,10,False
253,urn:mavedb:00000041-b-1#254,,p.Ser5Tyr,-1.673520474,0.806549795,1.17e-45,1.673520474,False,True,False,5,False
254,urn:mavedb:00000041-b-1#255,,p.Ser5Phe,-1.904065144,0.761865565,1.5999999999999995e-88,1.904065144,False,True,False,5,False
256,urn:mavedb:00000041-b-1#257,,p.Ser2Tyr,-2.627387587,1.046623094,2.689999999999996e-204,2.627387587,False,True,False,2,False
258,urn:mavedb:00000041-b-1#259,,p.Ser2Phe,-2.3460155730000003,0.83612678,1.59e-116,2.3460155730000003,False,True,False,2,False
259,urn:mavedb:00000041-b-1#260,,p.Ser2Met,-2.83664851,1.007868574,2.2399999999999996e-146,2.83664851,False,True,False,2,False
260,urn:mavedb:00000041-b-1#261,,p.Ser2Lys,-2.2996782909999998,0.6888985790000001,3.84e-28,2.2996782909999998,False,True,False,2,False
262,urn:mavedb:00000041-b-1#263,,p.Ser2His,-2.372640261,0.7342193370000001,1.7499999999999994e-57,2.372640261,False,True,False,2,False
264,urn:mavedb:00000041-b-1#265,,p.Pro7Tyr,-3.5155286080000003,1.368005674,1.7399999999999994e-97,3.5155286080000003,False,True,False,7,False
265,urn:mavedb:00000041-b-1#266,,p.Pro7Phe,-3.052225187,1.010634476,3.3399999999999996e-78,3.052225187,False,True,False,7,False
266,urn:mavedb:00000041-b-1#267,,p.Pro7Ile,-2.610382831,0.985459072,4.119999999999998e-78,2.610382831,False,True,False,7,False
267,urn:mavedb:00000041-b-1#268,,p.Pro7Asp,-1.972263919,0.7580944959999999,9.18999999999999e-103,1.972263919,False,True,False,7,False
268,urn:mavedb:00000041-b-1#269,,p.Pro7Asn,-3.288186413,1.163405895,3.42e-43,3.288186413,False,True,False,7,False
269,urn:mavedb:00000041-b-1#270,,p.Lys8Tyr,-1.732392666,0.695855418,1.51e-09,1.732392666,False,True,False,8,False
270,urn:mavedb:00000041-b-1#271,,p.Lys8Ile,-1.76400238,0.544300119,2.9399999999999982e-83,1.76400238,False,True,False,8,False
271,urn:mavedb:00000041-b-1#272,,p.Lys4Tyr,-1.7337208769999999,0.7080044440000001,1.98e-39,1.7337208769999999,False,True,False,4,False
272,urn:mavedb:00000041-b-1#273,,p.Lys4Phe,-1.344077177,0.600275945,2.6499999999999975e-123,1.344077177,False,True,False,4,False
273,urn:mavedb:00000041-b-1#274,,p.Lys4Ile,-2.13003036,0.793357738,6.449999999999996e-72,2.13003036,False,True,False,4,False
275,urn:mavedb:00000041-b-1#276,,p.Gly1Tyr,-2.401240845,0.879632678,4.879999999999998e-115,2.401240845,False,True,False,1,False
276,urn:mavedb:00000041-b-1#277,,p.Gly1Phe,-2.21654477,0.853330897,7.729999999999999e-107,2.21654477,False,True,False,1,False
277,urn:mavedb:00000041-b-1#278,,p.Gly1Met,-3.4742456760000002,1.234496643,6.199999999999996e-113,3.4742456760000002,False,True,False,1,False
278,urn:mavedb:00000041-b-1#279,,p.Gly1Leu,-1.787611245,0.657026442,3.2699999999999996e-44,1.787611245,False,True,False,1,False
280,urn:mavedb:00000041-b-1#281,,p.Arg14Tyr,-1.295403139,0.439174771,6.42e-91,1.295403139,False,True,False,14,False
281,urn:mavedb:00000041-b-1#282,,p.Arg14Ile,-1.314879782,0.38021985799999997,1.4599999999999987e-135,1.314879782,False,True,False,14,False
282,urn:mavedb:00000041-b-1#283,,p.Ser5Val,0.334995935,0.151706905,0.0,-0.334995935,False,True,False,5,False
283,urn:mavedb:00000041-b-1#284,,p.Ser5Trp,0.39061464100000004,0.16946573199999998,0.0,-0.39061464100000004,False,True,False,5,False
285,urn:mavedb:00000041-b-1#286,,p.Ser5Met,-0.578704432,0.32752732100000004,6.089999999999997e-66,0.578704432,False,True,False,5,False
286,urn:mavedb:00000041-b-1#287,,p.Ser5Lys,-0.393838154,0.26230793199999997,2.5200000000000003e-27,0.393838154,False,True,False,5,False
287,urn:mavedb:00000041-b-1#288,,p.Ser5His,-0.251969017,0.147572535,2.05e-44,0.251969017,False,True,False,5,False
289,urn:mavedb:00000041-b-1#290,,p.Ser5Glu,0.269596791,0.162782832,1.32e-08,-0.269596791,False,True,False,5,False
291,urn:mavedb:00000041-b-1#292,,p.Ser5Asp,-0.728046544,0.348937833,2.29e-60,0.728046544,False,True,False,5,False
293,urn:mavedb:00000041-b-1#294,,p.Ser2Trp,0.511076601,0.143329425,1.7300000000000002e-17,-0.511076601,False,True,False,2,False
294,urn:mavedb:00000041-b-1#295,,p.Ser2Pro,-0.22680042399999997,0.15530348900000002,1.7399999999999986e-101,0.22680042399999997,False,True,False,2,False
295,urn:mavedb:00000041-b-1#296,,p.Ser2Leu,-0.58707363,0.198992776,6.819999999999993e-156,0.58707363,False,True,False,2,False
296,urn:mavedb:00000041-b-1#297,,p.Ser2Gln,-0.823461421,0.295627441,1.0499999999999986e-178,0.823461421,False,True,False,2,False
299,urn:mavedb:00000041-b-1#300,,p.Ser2Ala,-0.767325044,0.181687994,5.13e-35,0.767325044,False,True,False,2,False
300,urn:mavedb:00000041-b-1#301,,p.Ser16Val,0.305117801,0.127191924,1.0799999999999993e-95,-0.305117801,False,True,False,16,False
301,urn:mavedb:00000041-b-1#302,,p.Ser16Trp,0.29845950600000004,0.006852266,1.7299999999999983e-127,-0.29845950600000004,False,True,False,16,False
303,urn:mavedb:00000041-b-1#304,,p.Ser16Pro,0.18716617100000002,0.026027582999999996,9.72e-26,-0.18716617100000002,False,True,False,16,False
304,urn:mavedb:00000041-b-1#305,,p.Ser16Phe,-0.38083629799999996,0.116164813,3.28e-16,0.38083629799999996,False,True,False,16,False
305,urn:mavedb:00000041-b-1#306,,p.Ser16Met,0.199674445,0.12341937900000001,1.789999999999999e-70,-0.199674445,False,True,False,16,False
306,urn:mavedb:00000041-b-1#307,,p.Ser16Lys,0.46366428200000004,0.198090718,1.2699999999999984e-190,-0.46366428200000004,False,True,False,16,False
307,urn:mavedb:00000041-b-1#308,,p.Ser16Leu,0.302610188,0.099904343,5.779999999999999e-45,-0.302610188,False,True,False,16,False
308,urn:mavedb:00000041-b-1#309,,p.Ser16His,-0.33936845,0.136156319,6.309999999999996e-52,0.33936845,False,True,False,16,False
310,urn:mavedb:00000041-b-1#311,,p.Ser16Glu,0.488339013,0.131807148,6.039999999999999e-81,-0.488339013,False,True,False,16,False
311,urn:mavedb:00000041-b-1#312,,p.Ser16Gln,0.22967368600000002,0.103885925,6.94e-18,-0.22967368600000002,False,True,False,16,False
313,urn:mavedb:00000041-b-1#314,,p.Ser16Asp,0.489142664,0.26104246600000003,2.78e-17,-0.489142664,False,True,False,16,False
316,urn:mavedb:00000041-b-1#317,,p.Ser16Ala,0.07265523900000001,0.031835889,1.51e-58,-0.07265523900000001,False,True,False,16,False
317,urn:mavedb:00000041-b-1#318,,p.Ser11Val,0.04293322,0.036324149,4.34e-19,-0.04293322,False,True,False,11,False
318,urn:mavedb:00000041-b-1#319,,p.Arg14Met,-0.885777965,0.318489306,2.01e-50,0.885777965,False,True,False,14,False
319,urn:mavedb:00000041-b-1#320,,p.Arg14Lys,0.613849829,0.238639762,0.0,-0.613849829,False,True,False,14,False
323,urn:mavedb:00000041-b-1#324,,p.Arg14Glu,-0.542676112,0.171637674,1.59e-26,0.542676112,False,True,False,14,False
324,urn:mavedb:00000041-b-1#325,,p.Arg14Gln,-0.382899905,0.357866177,2.5399999999999997e-60,0.382899905,False,True,False,14,False
326,urn:mavedb:00000041-b-1#327,,p.Arg14Asp,-0.46665307100000003,0.269550886,2.11e-83,0.46665307100000003,False,True,False,14,False
327,urn:mavedb:00000041-b-1#328,,p.Arg14Asn,0.233331113,0.19066181100000001,1.19e-14,-0.233331113,False,True,False,14,False
328,urn:mavedb:00000041-b-1#329,,p.Arg14Ala,-0.600412507,0.263226914,3.4399999999999973e-94,0.600412507,False,True,False,14,False
329,urn:mavedb:00000041-b-1#330,,p.Arg13Val,0.122722803,0.049199373,3.0999999999999988e-27,-0.122722803,False,True,False,13,False
331,urn:mavedb:00000041-b-1#332,,p.Arg13Thr,-0.298694739,0.064323189,1.84e-19,0.298694739,False,True,False,13,False
332,urn:mavedb:00000041-b-1#333,,p.Arg13Ser,0.272784948,0.036949989,1.8600000000000002e-09,-0.272784948,False,True,False,13,False
334,urn:mavedb:00000041-b-1#335,,p.Arg13Phe,0.171697314,0.052045403,1.809999999999998e-185,-0.171697314,False,True,False,13,False
335,urn:mavedb:00000041-b-1#336,,p.Arg13Met,-0.025873742,0.070627768,9.25e-14,0.025873742,False,True,False,13,False
336,urn:mavedb:00000041-b-1#337,,p.Arg13Lys,0.23854071899999998,0.078549302,7.42e-27,-0.23854071899999998,False,True,False,13,False
338,urn:mavedb:00000041-b-1#339,,p.Arg13Ile,-0.473209355,0.201133471,1.73e-12,0.473209355,False,True,False,13,False
339,urn:mavedb:00000041-b-1#340,,p.Arg13His,-0.43079811,0.118291059,8.379999999999999e-05,0.43079811,False,True,False,13,False
341,urn:mavedb:00000041-b-1#342,,p.Arg13Glu,-0.21545271300000002,0.245424914,5.569999999999996e-115,0.21545271300000002,False,True,False,13,False
343,urn:mavedb:00000041-b-1#344,,p.Arg13Cys,-0.019465297,0.01050316,2.27e-13,0.019465297,False,True,False,13,False
344,urn:mavedb:00000041-b-1#345,,p.Arg13Asp,-0.504981104,0.151047135,1.9199999999999987e-114,0.504981104,False,True,False,13,False
345,urn:mavedb:00000041-b-1#346,,p.Arg13Asn,-0.46851428,0.142255205,5.73e-26,0.46851428,False,True,False,13,False
346,urn:mavedb:00000041-b-1#347,,p.Arg13Ala,-0.116279275,0.121348096,0.0,0.116279275,False,True,False,13,False
348,urn:mavedb:00000041-b-1#349,,p.Ala10Tyr,-0.016357827,0.08509787199999999,1.32e-17,0.016357827,False,True,False,10,False
349,urn:mavedb:00000041-b-1#350,,p.Ala10Trp,0.41075346799999995,0.15562683900000002,1.4000000000000001e-33,-0.41075346799999995,False,True,False,10,False
353,urn:mavedb:00000041-b-1#354,,p.Ala10Phe,-0.456596634,0.17150899,1.3399999999999993e-76,0.456596634,False,True,False,10,False
354,urn:mavedb:00000041-b-1#355,,p.Ala10Met,0.085373553,0.078723745,5.41e-57,-0.085373553,False,True,False,10,False
355,urn:mavedb:00000041-b-1#356,,p.Ala10Leu,0.5068443220000001,0.14264121400000002,2.3199999999999996e-63,-0.5068443220000001,False,True,False,10,False
356,urn:mavedb:00000041-b-1#357,,p.Ala10Ile,-0.569414997,0.23714525399999997,2.5999999999999994e-140,0.569414997,False,True,False,10,False
357,urn:mavedb:00000041-b-1#358,,p.Ala10Cys,0.01429257,0.059574873,2.6000000000000004e-18,-0.01429257,False,True,False,10,False
359,urn:mavedb:00000041-b-1#360,,p.Ala10Asn,-0.46897862799999995,0.188797477,1.219999999999999e-126,0.46897862799999995,False,True,False,10,False
